id|titel|jahr|laenge|genres|regisseure|schauspieler|plot|sprachen|laender|plakat_url|imdbID
1|Memories of Murder|2003|132 min|"Crime;Drama;Mystery"|"Joon-ho Bong"|"Jae-ho Song;Kang-ho Song;Roe-ha Kim;Sang-kyung Kim"|"In 1986, in the province of Gyunggi, in South Korea, a second young and beautiful woman is found dead, raped and tied and gagged with her underwear. Detective Park Doo-Man and Detective Cho..."|"English;Korean"|"South Korea"|https://images-na.ssl-images-amazon.com/images/M/MV5BZWYyYTk5ODQtNjFjZi00ZDFlLWEwNGEtNGQwZTdmYWRhNmU3L2ltYWdlXkEyXkFqcGdeQXVyNTAyODkwOQ@@._V1_SX300.jpg|tt0353969
2|The Shawshank Redemption|1994|142 min|"Crime;Drama"|"Frank Darabont"|"Bob Gunton;Morgan Freeman;Tim Robbins;William Sadler"|"Two imprisoned men bond over a number of years, finding solace and eventual redemption through acts of common decency."|"English"|"USA"|https://images-na.ssl-images-amazon.com/images/M/MV5BODU4MjU4NjIwNl5BMl5BanBnXkFtZTgwMDU2MjEyMDE@._V1_SX300.jpg|tt0111161
3|The Godfather|1972|175 min|"Crime;Drama"|"Francis Ford Coppola"|"Al Pacino;James Caan;Marlon Brando;Richard S. Castellano"|"The aging patriarch of an organized crime dynasty transfers control of his clandestine empire to his reluctant son."|"English;Italian;Latin"|"USA"|https://images-na.ssl-images-amazon.com/images/M/MV5BZTRmNjQ1ZDYtNDgzMy00OGE0LWE4N2YtNTkzNWQ5ZDhlNGJmL2ltYWdlL2ltYWdlXkEyXkFqcGdeQXVyNjU0OTQ0OTY@._V1_SX300.jpg|tt0068646
4|12 Angry Men|1957|96 min|"Crime;Drama"|"Sidney Lumet"|"E.G. Marshall;John Fiedler;Lee J. Cobb;Martin Balsam"|"A jury holdout attempts to prevent a miscarriage of justice by forcing his colleagues to reconsider the evidence."|"English"|"USA"|https://images-na.ssl-images-amazon.com/images/M/MV5BODQwOTc5MDM2N15BMl5BanBnXkFtZTcwODQxNTEzNA@@._V1_SX300.jpg|tt0050083
5|The Dark Knight|2008|152 min|"Action;Crime;Drama"|"Christopher Nolan"|"Aaron Eckhart;Christian Bale;Heath Ledger;Michael Caine"|"When the menace known as the Joker wreaks havoc and chaos on the people of Gotham, the caped crusader must come to terms with one of the greatest psychological tests of his ability to fight injustice."|"English;Mandarin"|"UK;USA"|https://images-na.ssl-images-amazon.com/images/M/MV5BMTMxNTMwODM0NF5BMl5BanBnXkFtZTcwODAyMTk2Mw@@._V1_SX300.jpg|tt0468569
6|The Godfather: Part II|1974|202 min|"Crime;Drama"|"Francis Ford Coppola"|"Al Pacino;Diane Keaton;Robert De Niro;Robert Duvall"|"The early life and career of Vito Corleone in 1920s New York is portrayed while his son, Michael, expands and tightens his grip on the family crime syndicate."|"English;Italian;Latin;Sicilian;Spanish"|"USA"|https://images-na.ssl-images-amazon.com/images/M/MV5BMjZiNzIxNTQtNDc5Zi00YWY1LThkMTctMDgzYjY4YjI1YmQyL2ltYWdlL2ltYWdlXkEyXkFqcGdeQXVyNjU0OTQ0OTY@._V1_SX300.jpg|tt0071562
7|Schindler: The Real Story|1983|N/A|"Documentary"|"Jon Blair"|"Dirk Bogarde;Emilie Schindler;Oskar Schindler"|"The true story of Oskar Schindler's exploits in which he saved a thousand Jews from the ovens of the death camps, s told by first hand witnesses. The British Academy Award winning ..."|"English;German;Polish"|"UK"|http://ia.media-imdb.com/images/M/MV5BMTY4MTY0OTY4NV5BMl5BanBnXkFtZTcwOTgxMjMyMQ@@._V1_SX300.jpg|tt0180981
8|Pulp Fiction|1994|154 min|"Crime;Drama"|"Quentin Tarantino"|"Amanda Plummer;John Travolta;Laura Lovelace;Tim Roth"|"The lives of two mob hit men, a boxer, a gangster's wife, and a pair of diner bandits intertwine in four tales of violence and redemption."|"English;French;Spanish"|"USA"|https://images-na.ssl-images-amazon.com/images/M/MV5BMTkxMTA5OTAzMl5BMl5BanBnXkFtZTgwNjA5MDc3NjE@._V1_SX300.jpg|tt0110912
9|The Lord of the Rings: The Return of the King|2003|201 min|"Adventure;Drama;Fantasy"|"Peter Jackson"|"Ali Astin;David Aston;Noel Appleby;Sean Astin"|"Gandalf and Aragorn lead the World of Men against Sauron's army to draw his gaze from Frodo and Sam as they approach Mount Doom with the One Ring."|"English;Old English;Quenya;Sindarin"|"New Zealand;USA"|https://images-na.ssl-images-amazon.com/images/M/MV5BYWY1ZWQ5YjMtMDE0MS00NWIzLWE1M2YtODYzYTk2OTNlYWZmXkEyXkFqcGdeQXVyNDUyOTg3Njg@._V1_SX300.jpg|tt0167260
10|The Lord of the Rings: The Fellowship of the Ring|2001|178 min|"Adventure;Drama;Fantasy"|"Peter Jackson"|"Alan Howard;Noel Appleby;Sala Baker;Sean Astin"|"A meek Hobbit from the Shire and eight companions set out on a journey to destroy the powerful One Ring and save Middle Earth from the Dark Lord Sauron."|"English;Sindarin"|"New Zealand;USA"|https://images-na.ssl-images-amazon.com/images/M/MV5BNmFmZDdkODMtNzUyMy00NzhhLWFjZmEtMGMzYjNhMDA1NTBkXkEyXkFqcGdeQXVyNDUyOTg3Njg@._V1_SX300.jpg|tt0120737
11|Star Wars: Episode V - The Empire Strikes Back|1980|124 min|"Action;Adventure;Fantasy"|"Irvin Kershner"|"Billy Dee Williams;Carrie Fisher;Harrison Ford;Mark Hamill"|"After the rebels have been brutally overpowered by the Empire on their newly established base, Luke Skywalker takes advanced Jedi training with Master Yoda, while his friends are pursued by Darth Vader as part of his plan to capture Luke."|"English"|"USA"|https://images-na.ssl-images-amazon.com/images/M/MV5BYmViY2M2MTYtY2MzOS00YjQ1LWIzYmEtOTBiNjhlMGM0NjZjXkEyXkFqcGdeQXVyNDYyMDk5MTU@._V1_SX300.jpg|tt0080684
12|Forrest Gump|1994|142 min|"Comedy;Drama;Romance"|"Robert Zemeckis"|"Michael Conner Humphreys;Rebecca Williams;Sally Field;Tom Hanks"|"Forrest Gump, while not intelligent, has accidentally been present at many historic moments, but his true love, Jenny Curran, eludes him."|"English"|"USA"|https://images-na.ssl-images-amazon.com/images/M/MV5BYThjM2MwZGMtMzg3Ny00NGRkLWE4M2EtYTBiNWMzOTY0YTI4XkEyXkFqcGdeQXVyNDYyMDk5MTU@._V1_SX300.jpg|tt0109830
13|Fight Club|1999|139 min|"Drama"|"David Fincher"|"Brad Pitt;Edward Norton;Meat Loaf;Zach Grenier"|"An insomniac office worker, looking for a way to change his life, crosses paths with a devil-may-care soap maker, forming an underground fight club that evolves into something much, much more."|"English"|"Germany;USA"|https://images-na.ssl-images-amazon.com/images/M/MV5BZGY5Y2RjMmItNDg5Yy00NjUwLThjMTEtNDc2OGUzNTBiYmM1XkEyXkFqcGdeQXVyNjU0OTQ0OTY@._V1_SX300.jpg|tt0137523
14|The Lord of the Rings: The Two Towers|2002|179 min|"Adventure;Drama;Fantasy"|"Peter Jackson"|"Bruce Allpress;John Bach;Sala Baker;Sean Astin"|"While Frodo and Sam edge closer to Mordor with the help of the shifty Gollum, the divided fellowship makes a stand against Sauron's new ally, Saruman, and his hordes of Isengard."|"English;Old English;Sindarin"|"New Zealand;USA"|https://images-na.ssl-images-amazon.com/images/M/MV5BMTAyNDU0NjY4NTheQTJeQWpwZ15BbWU2MDk4MTY2Nw@@._V1_SX300.jpg|tt0167261
15|The Good, the Bad and the Ugly|1966|161 min|"Western"|"Sergio Leone"|"Aldo Giuffrè;Clint Eastwood;Eli Wallach;Lee Van Cleef"|"A bounty hunting scam joins two men in an uneasy alliance against a third in a race to find a fortune in gold buried in a remote cemetery."|"Italian"|"Italy;Spain;USA;West Germany"|https://images-na.ssl-images-amazon.com/images/M/MV5BOTQ5NDI3MTI4MF5BMl5BanBnXkFtZTgwNDQ4ODE5MDE@._V1_SX300.jpg|tt0060196
16|Seven Samurai|1954|207 min|"Adventure;Drama"|"Akira Kurosawa"|"Keiko Tsushima;Takashi Shimura;Toshirô Mifune;Yukiko Shimazaki"|"A poor village under attack by bandits recruits seven unemployed samurai to help them defend themselves."|"Japanese"|"Japan"|https://images-na.ssl-images-amazon.com/images/M/MV5BMTc5MDY1MjU5MF5BMl5BanBnXkFtZTgwNDM2OTE4MzE@._V1_SX300.jpg|tt0047478
17|The Matrix|1999|136 min|"Action;Sci-Fi"|"Lana Wachowski;Lilly Wachowski"|"Carrie-Anne Moss;Hugo Weaving;Keanu Reeves;Laurence Fishburne"|"A computer hacker learns from mysterious rebels about the true nature of his reality and his role in the war against its controllers."|"English"|"USA"|https://images-na.ssl-images-amazon.com/images/M/MV5BNzQzOTk3OTAtNDQ0Zi00ZTVkLWI0MTEtMDllZjNkYzNjNTc4L2ltYWdlXkEyXkFqcGdeQXVyNjU0OTQ0OTY@._V1_SX300.jpg|tt0133093
18|Se7en|1995|127 min|"Crime;Drama;Mystery"|"David Fincher"|"Andrew Kevin Walker;Daniel Zacapa;Kevin Spacey;Morgan Freeman"|"Two detectives, a rookie and a veteran, hunt a serial killer who uses the seven deadly sins as his modus operandi."|"English"|"USA"|https://images-na.ssl-images-amazon.com/images/M/MV5BOTUwODM5MTctZjczMi00OTk4LTg3NWUtNmVhMTAzNTNjYjcyXkEyXkFqcGdeQXVyNjU0OTQ0OTY@._V1_SX300.jpg|tt0114369
19|The Silence of the Lambs|1991|118 min|"Crime;Drama;Thriller"|"Jonathan Demme"|"Jodie Foster;Kasi Lemmons;Lawrence A. Bonney;Lawrence T. Wrentz"|"A young F.B.I. cadet must confide in an incarcerated and manipulative killer to receive his help on catching another serial killer who skins his victims."|"English"|"USA"|https://images-na.ssl-images-amazon.com/images/M/MV5BMTQ2NzkzMDI4OF5BMl5BanBnXkFtZTcwMDA0NzE1NA@@._V1_SX300.jpg|tt0102926
20|Life Is Beautiful|1997|116 min|"Comedy;Drama;War"|"Roberto Benigni"|"Giorgio Cantarini;Giustino Durano;Nicoletta Braschi;Roberto Benigni"|"When an open-minded Jewish librarian and his son become victims of the Holocaust, he uses a perfect mixture of will, humor and imagination to protect his son from the dangers around their camp."|"English;German;Italian"|"Italy"|https://images-na.ssl-images-amazon.com/images/M/MV5BYmJmM2Q4NmMtYThmNC00ZjRlLWEyZmItZTIwOTBlZDQ3NTQ1XkEyXkFqcGdeQXVyMTQxNzMzNDI@._V1_SX300.jpg|tt0118799
21|Star Wars: Episode IV - A New Hope|1977|121 min|"Action;Adventure;Fantasy"|"George Lucas"|"Carrie Fisher;Harrison Ford;Mark Hamill;Peter Cushing"|"Luke Skywalker joins forces with a Jedi Knight, a cocky pilot, a wookiee and two droids to save the galaxy from the Empire's world-destroying battle-station, while also attempting to rescue Princess Leia from the evil Darth Vader."|"English"|"USA"|https://images-na.ssl-images-amazon.com/images/M/MV5BYzQ2OTk4N2QtOGQwNy00MmI3LWEwNmEtOTk0OTY3NDk2MGJkL2ltYWdlL2ltYWdlXkEyXkFqcGdeQXVyNjc1NTYyMjg@._V1_SX300.jpg|tt0076759
22|City of God|2002|130 min|"Crime;Drama"|"Fernando Meirelles;Kátia Lund"|"Alexandre Rodrigues;Douglas Silva;Leandro Firmino;Phellipe Haagensen"|"Two boys growing up in a violent neighborhood of Rio de Janeiro take different paths: one becomes a photographer, the other a drug dealer."|"Portuguese"|"Brazil;France"|https://images-na.ssl-images-amazon.com/images/M/MV5BMjA4ODQ3ODkzNV5BMl5BanBnXkFtZTYwOTc4NDI3._V1_SX300.jpg|tt0317248
23|Léon: The Professional|1994|110 min|"Crime;Drama;Thriller"|"Luc Besson"|"Danny Aiello;Gary Oldman;Jean Reno;Natalie Portman"|"Mathilda, a 12-year-old girl, is reluctantly taken in by Léon, a professional assassin, after her family is murdered. Léon and Mathilda form an unusual relationship, as she becomes his protégée and learns the assassin's trade."|"English;French;Italian"|"France"|https://images-na.ssl-images-amazon.com/images/M/MV5BMjdjMGU3MGYtN2Y5ZC00MTE4LWE4YWQtMTBhMjc3MTk0ZDUwXkEyXkFqcGdeQXVyNjU0OTQ0OTY@._V1_SX300.jpg|tt0110413
24|The Usual Suspects|1995|106 min|"Crime;Drama;Mystery"|"Bryan Singer"|"Benicio Del Toro;Gabriel Byrne;Kevin Pollak;Stephen Baldwin"|"A sole survivor tells of the twisty events leading up to a horrific gun battle on a boat, which begin when five criminals meet at a seemingly random police lineup."|"English;French;Hungarian;Spanish"|"Germany;USA"|https://images-na.ssl-images-amazon.com/images/M/MV5BMzI1MjI5MDQyOV5BMl5BanBnXkFtZTcwNzE4Mjg3NA@@._V1_SX300.jpg|tt0114814
25|Saving Private Ryan|1998|169 min|"Drama;War"|"Steven Spielberg"|"Barry Pepper;Edward Burns;Tom Hanks;Tom Sizemore"|"Following the Normandy Landings, a group of U.S. soldiers go behind enemy lines to retrieve a paratrooper whose brothers have been killed in action."|"Czech;English;French;German"|"USA"|https://images-na.ssl-images-amazon.com/images/M/MV5BZjhkMDM4MWItZTVjOC00ZDRhLThmYTAtM2I5NzBmNmNlMzI1XkEyXkFqcGdeQXVyNDYyMDk5MTU@._V1_SX300.jpg|tt0120815
26|Spirited Away|2001|125 min|"Adventure;Animation;Family"|"Hayao Miyazaki"|"Mari Natsuki;Miyu Irino;Rumi Hiiragi;Takashi Naitô"|"During her family's move to the suburbs, a sullen 10-year-old girl wanders into a world ruled by gods, witches, and spirits, and where humans are changed into beasts."|"Japanese"|"Japan"|https://images-na.ssl-images-amazon.com/images/M/MV5BMTk3NTM1NTg1Ml5BMl5BanBnXkFtZTgwOTgzMTMyMDE@._V1_SX300.jpg|tt0245429
27|American History X|1998|119 min|"Crime;Drama"|"Tony Kaye"|"Beverly D'Angelo;Edward Furlong;Edward Norton;Jennifer Lien"|"A former neo-nazi skinhead tries to prevent his younger brother from going down the same wrong path that he did."|"English"|"USA"|https://images-na.ssl-images-amazon.com/images/M/MV5BY2E2MWU5ZDktOTQ0OS00NGIzLTg4YTgtYjFhNTRlMjA1NzFjL2ltYWdlXkEyXkFqcGdeQXVyNTAyODkwOQ@@._V1_SX300.jpg|tt0120586
28|Once Upon a Time in the West|1968|175 min|"Western"|"Sergio Leone"|"Charles Bronson;Claudia Cardinale;Henry Fonda;Jason Robards"|"A mysterious stranger with a harmonica joins forces with a notorious desperado to protect a beautiful widow from a ruthless assassin working for the railroad."|"Italian;Spanish"|"Italy;USA"|https://images-na.ssl-images-amazon.com/images/M/MV5BMTYxOTEwOTU0MV5BMl5BanBnXkFtZTgwNDc4NjQ3MTI@._V1_SX300.jpg|tt0064116
29|Interstellar|2014|169 min|"Adventure;Drama;Sci-Fi"|"Christopher Nolan"|"Ellen Burstyn;John Lithgow;Mackenzie Foy;Matthew McConaughey"|"A team of explorers travel through a wormhole in space in an attempt to ensure humanity's survival."|"English"|"Canada;Iceland;UK;USA"|https://images-na.ssl-images-amazon.com/images/M/MV5BMjIxNTU4MzY4MF5BMl5BanBnXkFtZTgwMzM4ODI3MjE@._V1_SX300.jpg|tt0816692
30|Casablanca|1942|102 min|"Drama;Romance;War"|"Michael Curtiz"|"Claude Rains;Humphrey Bogart;Ingrid Bergman;Paul Henreid"|"In Casablanca, Morocco in December 1941, a cynical American expatriate meets a former lover, with unforeseen complications."|"English;French;German;Italian"|"USA"|https://images-na.ssl-images-amazon.com/images/M/MV5BY2IzZGY2YmEtYzljNS00NTM5LTgwMzUtMzM1NjQ4NGI0OTk0XkEyXkFqcGdeQXVyNDYyMDk5MTU@._V1_SX300.jpg|tt0034583
31|The Green Mile|1999|189 min|"Crime;Drama;Fantasy"|"Frank Darabont"|"Bonnie Hunt;David Morse;Michael Clarke Duncan;Tom Hanks"|"The lives of guards on Death Row are affected by one of their charges: a black man accused of child murder and rape, yet who has a mysterious gift."|"English;French"|"USA"|https://images-na.ssl-images-amazon.com/images/M/MV5BMTUxMzQyNjA5MF5BMl5BanBnXkFtZTYwOTU2NTY3._V1_SX300.jpg|tt0120689
32|The Intouchables|2011|112 min|"Biography;Comedy;Drama"|"Eric Toledano;Olivier Nakache"|"Anne Le Ny;Audrey Fleurot;François Cluzet;Omar Sy"|"After he becomes a quadriplegic from a paragliding accident, an aristocrat hires a young man from the projects to be his caregiver."|"English;French"|"France"|https://images-na.ssl-images-amazon.com/images/M/MV5BMTYxNDA3MDQwNl5BMl5BanBnXkFtZTcwNTU4Mzc1Nw@@._V1_SX300.jpg|tt1675434
33|Modern Times|1936|87 min|"Comedy;Drama;Family"|"Charles Chaplin"|"Charles Chaplin;Henry Bergman;Paulette Goddard;Tiny Sandford"|"The Tramp struggles to live in modern industrial society with the help of a young homeless woman."|"English"|"USA"|https://images-na.ssl-images-amazon.com/images/M/MV5BYjJiZjMzYzktNjU0NS00OTkxLWEwYzItYzdhYWJjN2QzMTRlL2ltYWdlL2ltYWdlXkEyXkFqcGdeQXVyNjU0OTQ0OTY@._V1_SX300.jpg|tt0027977
34|Raiders of the Lost Ark|1981|115 min|"Action;Adventure"|"Steven Spielberg"|"Harrison Ford;Karen Allen;Paul Freeman;Ronald Lacey"|"Archaeologist and adventurer Indiana Jones is hired by the U.S. government to find the Ark of the Covenant before the Nazis."|"Arabic;English;German;Hebrew;Nepali;Spanish"|"USA"|https://images-na.ssl-images-amazon.com/images/M/MV5BMjA0ODEzMTc1Nl5BMl5BanBnXkFtZTcwODM2MjAxNA@@._V1_SX300.jpg|tt0082971
35|Rear Window|1954|112 min|"Mystery;Thriller"|"Alfred Hitchcock"|"Grace Kelly;James Stewart;Thelma Ritter;Wendell Corey"|"A wheelchair-bound photographer spies on his neighbours from his apartment window and becomes convinced one of them has committed murder."|"English"|"USA"|https://images-na.ssl-images-amazon.com/images/M/MV5BNGUxYWM3M2MtMGM3Mi00ZmRiLWE0NGQtZjE5ODI2OTJhNTU0XkEyXkFqcGdeQXVyMTQxNzMzNDI@._V1_SX300.jpg|tt0047396
36|The Pianist|2002|150 min|"Biography;Drama;War"|"Roman Polanski"|"Adrien Brody;Ed Stoppard;Emilia Fox;Michal Zebrowski"|"A Polish Jewish musician struggles to survive the destruction of the Warsaw ghetto of World War II."|"English;German;Russian"|"France;Germany;Poland;UK"|https://images-na.ssl-images-amazon.com/images/M/MV5BOWRiZDIxZjktMTA1NC00MDQ2LWEzMjUtMTliZmY3NjQ3ODJiXkEyXkFqcGdeQXVyNjU0OTQ0OTY@._V1_SX300.jpg|tt0253474
37|City Lights|1931|87 min|"Comedy;Drama;Romance"|"Charles Chaplin"|"Al Ernest Garcia;Florence Lee;Harry Myers;Virginia Cherrill"|"With the aid of a wealthy erratic tippler, a dewy-eyed tramp who has fallen in love with a sightless flower girl accumulates money to be able to help her medically."|"English"|"USA"|https://images-na.ssl-images-amazon.com/images/M/MV5BZDRjMmI3ZjgtMGE3Mi00NjY5LTg0NWMtMmU3YzgyMjhmMjIzL2ltYWdlXkEyXkFqcGdeQXVyNTAyODkwOQ@@._V1_SX300.jpg|tt0021749
38|Back to the Future|1985|116 min|"Adventure;Comedy;Sci-Fi"|"Robert Zemeckis"|"Christopher Lloyd;Crispin Glover;Lea Thompson;Michael J. Fox"|"Marty McFly, a 17-year-old high school student, is accidentally sent 30 years into the past in a time-traveling DeLorean invented by his close friend, the maverick scientist Doc Brown."|"English"|"USA"|https://images-na.ssl-images-amazon.com/images/M/MV5BZmU0M2Y1OGUtZjIxNi00ZjBkLTg1MjgtOWIyNThiZWIwYjRiXkEyXkFqcGdeQXVyMTQxNzMzNDI@._V1_SX300.jpg|tt0088763
39|The Departed|2006|151 min|"Crime;Drama;Thriller"|"Martin Scorsese"|"Jack Nicholson;Leonardo DiCaprio;Mark Wahlberg;Matt Damon"|"An undercover cop and a mole in the police attempt to identify each other while infiltrating an Irish gang in South Boston."|"Cantonese;English"|"Hong Kong;USA"|https://images-na.ssl-images-amazon.com/images/M/MV5BMTI1MTY2OTIxNV5BMl5BanBnXkFtZTYwNjQ4NjY3._V1_SX300.jpg|tt0407887
40|Terminator 2: Judgment Day|1991|137 min|"Action;Sci-Fi;Thriller"|"James Cameron"|"Arnold Schwarzenegger;Edward Furlong;Linda Hamilton;Robert Patrick"|"A cyborg, identical to the one who failed to kill Sarah Connor, must now protect her teenage son, John Connor, from a more advanced cyborg."|"English;Spanish"|"France;USA"|https://images-na.ssl-images-amazon.com/images/M/MV5BZDM2YjYwYWMtMWZlNi00ZDQxLWExMDctMDAzNzQ0OTkzZjljXkEyXkFqcGdeQXVyMTQxNzMzNDI@._V1_SX300.jpg|tt0103064
41|The Prestige|2006|130 min|"Drama;Mystery;Sci-Fi"|"Christopher Nolan"|"Christian Bale;Hugh Jackman;Michael Caine;Piper Perabo"|"Two stage magicians engage in competitive one-upmanship in an attempt to create the ultimate stage illusion."|"English"|"UK;USA"|https://images-na.ssl-images-amazon.com/images/M/MV5BMjA4NDI0MTIxNF5BMl5BanBnXkFtZTYwNTM0MzY2._V1_SX300.jpg|tt0482571
42|Apocalypse Now|1979|153 min|"Drama;War"|"Francis Ford Coppola"|"Frederic Forrest;Marlon Brando;Martin Sheen;Robert Duvall"|"During the Vietnam War, Captain Willard is sent on a dangerous mission into Cambodia to assassinate a renegade colonel who has set himself up as a god among a local tribe."|"English;French;Vietnamese"|"USA"|https://images-na.ssl-images-amazon.com/images/M/MV5BODViM2VjYWYtMzU5Ny00ZjczLWEzNjMtODZmNGMwZDAxNzJkXkEyXkFqcGdeQXVyNjUwNzk3NDc@._V1_SX300.jpg|tt0078788
43|The Lion King|1994|88 min|"Adventure;Animation;Drama"|"Rob Minkoff;Roger Allers"|"James Earl Jones;Jim Cummings;Jonathan Taylor Thomas;Matthew Broderick"|"Lion cub and future king Simba searches for his identity. His eagerness to please others and penchant for testing his boundaries sometimes gets him into trouble."|"English;Swahili;Xhosa;Zulu"|"USA"|https://images-na.ssl-images-amazon.com/images/M/MV5BYTYxNGMyZTYtMjE3MS00MzNjLWFjNmYtMDk3N2FmM2JiM2M1XkEyXkFqcGdeQXVyNjY5NDU4NzI@._V1_SX300.jpg|tt0110357
44|Dr. Strangelove or: How I Learned to Stop Worrying and Love the Bomb|1964|95 min|"Comedy"|"Stanley Kubrick"|"George C. Scott;Keenan Wynn;Peter Sellers;Sterling Hayden"|"An insane general triggers a path to nuclear holocaust that a war room full of politicians and generals frantically try to stop."|"English;Russian"|"UK;USA"|https://images-na.ssl-images-amazon.com/images/M/MV5BNTkxYjUxNDYtZGY0My00NTc2LThiZmYtNmNmNmU0NGVkZWYwXkEyXkFqcGdeQXVyMjUzOTY1NTc@._V1_SX300.jpg|tt0057012
45|Sunset Blvd.|2012|N/A|"Drama"|"Ulli Lommel"|"Victoria Ullmann"|"N/A"|"English"|"Germany;USA"|N/A|tt2256853
46|The Great Dictator|1940|125 min|"Comedy;Drama;War"|"Charles Chaplin"|"Charles Chaplin;Henry Daniell;Jack Oakie;Reginald Gardiner"|"Dictator Adenoid Hynkel tries to expand his empire while a poor Jewish barber tries to avoid persecution from Hynkel's regime."|"English;Esperanto"|"USA"|https://images-na.ssl-images-amazon.com/images/M/MV5BMmExYWJjNTktNGUyZS00ODhmLTkxYzAtNWIzOGEyMGNiMmUwXkEyXkFqcGdeQXVyNjU0OTQ0OTY@._V1_SX300.jpg|tt0032553
47|Cinema Paradiso|1988|155 min|"Drama"|"Giuseppe Tornatore"|"Antonella Attili;Enzo Cannavale;Isa Danieli;Leo Gullotta"|"A filmmaker recalls his childhood, when he fell in love with the movies at his village's theater and formed a deep friendship with the theater's projectionist."|"Italian"|"France;Italy"|https://images-na.ssl-images-amazon.com/images/M/MV5BMjIzMTgzOTEwOF5BMl5BanBnXkFtZTgwNTUxNjcxMTE@._V1_SX300.jpg|tt0095765
48|The Lives of Others|2006|137 min|"Drama;Thriller"|"Florian Henckel von Donnersmarck"|"Martina Gedeck;Sebastian Koch;Ulrich Mühe;Ulrich Tukur"|"In 1984 East Berlin, an agent of the secret police, conducting surveillance on a writer and his lover, finds himself becoming increasingly absorbed by their lives."|"German"|"Germany"|https://images-na.ssl-images-amazon.com/images/M/MV5BNDUzNjYwNDYyNl5BMl5BanBnXkFtZTcwNjU3ODQ0MQ@@._V1_SX300.jpg|tt0405094
49|The Shining|1980|146 min|"Drama;Horror"|"Stanley Kubrick"|"Danny Lloyd;Jack Nicholson;Scatman Crothers;Shelley Duvall"|"A family heads to an isolated hotel for the winter where an evil and spiritual presence influences the father into violence, while his psychic son sees horrific forebodings from the past and of the future."|"English"|"UK;USA"|https://images-na.ssl-images-amazon.com/images/M/MV5BZWFlYmY2MGEtZjVkYS00YzU4LTg0YjQtYzY1ZGE3NTA5NGQxXkEyXkFqcGdeQXVyMTQxNzMzNDI@._V1_SX300.jpg|tt0081505
50|Paths of Glory|1957|88 min|"Drama;War"|"Stanley Kubrick"|"Adolphe Menjou;George Macready;Kirk Douglas;Ralph Meeker"|"After refusing to attack an enemy position, a general accuses the soldiers of cowardice and their commanding officer must defend them."|"English;German;Latin"|"USA"|https://images-na.ssl-images-amazon.com/images/M/MV5BOTI5Nzc0OTMtYzBkMS00NjkxLThmM2UtNjM2ODgxN2M5NjNkXkEyXkFqcGdeQXVyNjQ2MjQ5NzM@._V1_SX300.jpg|tt0050825
51|Django Unchained|2012|165 min|"Drama;Western"|"Quentin Tarantino"|"Christoph Waltz;Jamie Foxx;Kerry Washington;Leonardo DiCaprio"|"With the help of a German bounty hunter, a freed slave sets out to rescue his wife from a brutal Mississippi plantation owner."|"English;French;German;Italian"|"USA"|https://images-na.ssl-images-amazon.com/images/M/MV5BMjIyNTQ5NjQ1OV5BMl5BanBnXkFtZTcwODg1MDU4OA@@._V1_SX300.jpg|tt1853728
52|Grave of the Fireflies|1988|89 min|"Animation;Drama;War"|"Isao Takahata"|"Akemi Yamaguchi;Ayano Shiraishi;Tsutomu Tatsumi;Yoshiko Shinohara"|"A young boy and his little sister struggle to survive in Japan during World War II."|"Japanese"|"Japan"|https://images-na.ssl-images-amazon.com/images/M/MV5BZjEwNDVhZjMtYzA1MS00ZWUxLThjOGUtZTliNGZiNGYyMjA3XkEyXkFqcGdeQXVyNjU0OTQ0OTY@._V1_SX300.jpg|tt0095327
53|The Dark Knight Rises|2012|164 min|"Action;Thriller"|"Christopher Nolan"|"Christian Bale;Gary Oldman;Joseph Gordon-Levitt;Tom Hardy"|"Eight years after the Joker's reign of anarchy, the Dark Knight, with the help of the enigmatic Selina, is forced from his imposed exile to save Gotham City, now on the edge of total annihilation, from the brutal guerrilla terrorist Bane."|"Arabic;English"|"UK;USA"|https://images-na.ssl-images-amazon.com/images/M/MV5BMTk4ODQzNDY3Ml5BMl5BanBnXkFtZTcwODA0NTM4Nw@@._V1_SX300.jpg|tt1345836
54|American Beauty|1999|122 min|"Drama;Romance"|"Sam Mendes"|"Annette Bening;Kevin Spacey;Thora Birch;Wes Bentley"|"A sexually frustrated suburban father has a mid-life crisis after becoming infatuated with his daughter's best friend."|"English"|"USA"|https://images-na.ssl-images-amazon.com/images/M/MV5BMjM4NTI5NzYyNV5BMl5BanBnXkFtZTgwNTkxNTYxMTE@._V1_SX300.jpg|tt0169547
55|Princess Mononoke|1997|134 min|"Adventure;Animation;Fantasy"|"Hayao Miyazaki"|"Billy Bob Thornton;Billy Crudup;John DiMaggio;Minnie Driver"|"On a journey to find the cure for a Tatarigami's curse, Ashitaka finds himself in the middle of a war between the forest gods and Tatara, a mining colony. In this quest he also meets San, the Mononoke Hime."|"Japanese"|"Japan"|https://images-na.ssl-images-amazon.com/images/M/MV5BNjFhNGVjNzYtYTYzYS00N2Q5LTk1OGEtMzFiZTYyNjliMGE0XkEyXkFqcGdeQXVyNTA4NzY1MzY@._V1_SX300.jpg|tt0119698
56|Aliens|1986|137 min|"Action;Adventure;Sci-Fi"|"James Cameron"|"Carrie Henn;Michael Biehn;Paul Reiser;Sigourney Weaver"|"The moon from Alien (1979) has been colonized, but contact is lost. This time, the rescue team has impressive firepower, but will it be enough?"|"English"|"UK;USA"|https://images-na.ssl-images-amazon.com/images/M/MV5BNGYxMTA0M2EtYjg0Yy00NzI5LTg4NjEtZDA2MTcyOWM0YTVjL2ltYWdlL2ltYWdlXkEyXkFqcGdeQXVyNjc1NTYyMjg@._V1_SX300.jpg|tt0090605
57|Once Upon a Time in America|1984|229 min|"Crime;Drama"|"Sergio Leone"|"Elizabeth McGovern;James Woods;Joe Pesci;Robert De Niro"|"A former Prohibition-era Jewish gangster returns to the Lower East Side of Manhattan over thirty years later, where he once again must confront the ghosts and regrets of his old life."|"English;French;Italian"|"Italy;USA"|https://images-na.ssl-images-amazon.com/images/M/MV5BMGFkNWI4MTMtNGQ0OC00MWVmLTk3MTktOGYxN2Y2YWVkZWE2XkEyXkFqcGdeQXVyNjU0OTQ0OTY@._V1_SX300.jpg|tt0087843
58|Witness for the Prosecution|1957|116 min|"Crime;Drama;Mystery"|"Billy Wilder"|"Charles Laughton;Elsa Lanchester;Marlene Dietrich;Tyrone Power"|"A veteran British barrister must defend his client in a murder trial that has surprise after surprise."|"English;German"|"USA"|https://images-na.ssl-images-amazon.com/images/M/MV5BMTc0MjgyNTUyNF5BMl5BanBnXkFtZTcwNDQzMDg0Nw@@._V1_SX300.jpg|tt0051201
59|Das Boot|1981|149 min|"Adventure;Drama;Thriller"|"Wolfgang Petersen"|"Herbert Grönemeyer;Hubertus Bengsch;Jürgen Prochnow;Klaus Wennemann"|"The claustrophobic world of a WWII German U-boat; boredom, filth, and sheer terror."|"English;French;German"|"West Germany"|https://images-na.ssl-images-amazon.com/images/M/MV5BNGRmOWY0MGUtNTVhMy00NzRlLTljNDAtNTBiNTRlODgxNmY2XkEyXkFqcGdeQXVyNjc1NTYyMjg@._V1_SX300.jpg|tt0082096
60|Citizen Kane|1941|119 min|"Drama;Mystery"|"Orson Welles"|"Agnes Moorehead;Dorothy Comingore;Joseph Cotten;Ruth Warrick"|"Following the death of a publishing tycoon, news reporters scramble to discover the meaning of his final utterance."|"English"|"USA"|https://images-na.ssl-images-amazon.com/images/M/MV5BMTQ2Mjc1MDQwMl5BMl5BanBnXkFtZTcwNzUyOTUyMg@@._V1_SX300.jpg|tt0033467
61|North by Northwest|1959|136 min|"Action;Adventure;Mystery"|"Alfred Hitchcock"|"Cary Grant;Eva Marie Saint;James Mason;Jessie Royce Landis"|"A hapless New York advertising executive is mistaken for a government agent by a group of foreign spies, and is pursued across the country while he looks for a way to survive."|"English"|"USA"|https://images-na.ssl-images-amazon.com/images/M/MV5BMjQwMTQ0MzgwNl5BMl5BanBnXkFtZTgwNjc4ODE4MzE@._V1_SX300.jpg|tt0053125
62|La La Land|2016|128 min|"Comedy;Drama;Music"|"Damien Chazelle"|"Amiée Conn;Emma Stone;Ryan Gosling;Terry Walters"|"A jazz pianist falls for an aspiring actress in Los Angeles."|"English"|"Hong Kong;USA"|https://images-na.ssl-images-amazon.com/images/M/MV5BMzUzNDM2NzM2MV5BMl5BanBnXkFtZTgwNTM3NTg4OTE@._V1_SX300.jpg|tt3783958
63|Reservoir Dogs|1992|99 min|"Crime;Drama;Thriller"|"Quentin Tarantino"|"Chris Penn;Harvey Keitel;Michael Madsen;Tim Roth"|"After a simple jewelry heist goes terribly wrong, the surviving criminals begin to suspect that one of them is a police informant."|"English"|"USA"|https://images-na.ssl-images-amazon.com/images/M/MV5BNDc0YWFhMmQtOTFhZC00MzViLTlkNjctMWUzYTI2YWFkNzVlXkEyXkFqcGdeQXVyNjE5MjUyOTM@._V1_SX300.jpg|tt0105236
64|Star Wars: Episode VI - Return of the Jedi|1983|131 min|"Action;Adventure;Fantasy"|"Richard Marquand"|"Billy Dee Williams;Carrie Fisher;Harrison Ford;Mark Hamill"|"After rescuing Han Solo from the palace of Jabba the Hutt, the rebels attempt to destroy the second Death Star, while Luke struggles to make Vader return from the dark side of the Force."|"English"|"USA"|https://images-na.ssl-images-amazon.com/images/M/MV5BODllZjg2YjUtNWEzNy00ZGY2LTgyZmQtYTkxNDYyOWM3OTUyXkEyXkFqcGdeQXVyMTQxNzMzNDI@._V1_SX300.jpg|tt0086190
65|Requiem for a Dream|2000|102 min|"Drama"|"Darren Aronofsky"|"Ellen Burstyn;Jared Leto;Jennifer Connelly;Marlon Wayans"|"The drug-induced utopias of four Coney Island people are shattered when their addictions run deep."|"English"|"USA"|https://images-na.ssl-images-amazon.com/images/M/MV5BOTdiNzJlOWUtNWMwNS00NmFlLWI0YTEtZmI3YjIzZWUyY2Y3XkEyXkFqcGdeQXVyNjU0OTQ0OTY@._V1_SX300.jpg|tt0180093
66|Taxi Driver|1976|113 min|"Crime;Drama"|"Martin Scorsese"|"Diahnne Abbott;Frank Adu;Gino Ardito;Victor Argo"|"A mentally unstable Vietnam War veteran works as a night-time taxi driver in New York City where the perceived decadence and sleaze feeds his urge for violent action, attempting to save a preadolescent prostitute in the process."|"English;Spanish"|"USA"|https://images-na.ssl-images-amazon.com/images/M/MV5BNGQxNDgzZWQtZTNjNi00M2RkLWExZmEtNmE1NjEyZDEwMzA5XkEyXkFqcGdeQXVyMTQxNzMzNDI@._V1_SX300.jpg|tt0075314
67|Lawrence of Arabia|1962|216 min|"Adventure;Biography;Drama"|"David Lean"|"Alec Guinness;Anthony Quinn;Jack Hawkins;Peter O'Toole"|"The story of T.E. Lawrence, the English officer who successfully united and led the diverse, often warring, Arab tribes during World War I in order to fight the Turks."|"Arabic;English;Turkish"|"UK;USA"|https://images-na.ssl-images-amazon.com/images/M/MV5BYWY5ZjhjNGYtZmI2Ny00ODM0LWFkNzgtZmI1YzA2N2MxMzA0XkEyXkFqcGdeQXVyNjUwNzk3NDc@._V1_SX300.jpg|tt0056172
68|Eternal Sunshine of the Spotless Mind|2004|108 min|"Drama;Romance;Sci-Fi"|"Michel Gondry"|"Elijah Wood;Gerry Robert Byrne;Jim Carrey;Kate Winslet"|"When their relationship turns sour, a couple undergoes a procedure to have each other erased from their memories. But it is only through the process of loss that they discover what they had to begin with."|"English"|"USA"|https://images-na.ssl-images-amazon.com/images/M/MV5BMTY4NzcwODg3Nl5BMl5BanBnXkFtZTcwNTEwOTMyMw@@._V1_SX300.jpg|tt0338013
69|Double Indemnity|1944|107 min|"Crime;Drama;Film-Noir"|"Billy Wilder"|"Barbara Stanwyck;Edward G. Robinson;Fred MacMurray;Porter Hall"|"An insurance representative lets himself be talked into a murder/insurance fraud scheme that arouses an insurance investigator's suspicions."|"English"|"USA"|https://images-na.ssl-images-amazon.com/images/M/MV5BZmRmYmZkZTktZDc5ZC00ZjZmLTg4NWMtYjM3MjcyNTVjNGQ5L2ltYWdlL2ltYWdlXkEyXkFqcGdeQXVyNjc1NTYyMjg@._V1_SX300.jpg|tt0036775
70|To Kill a Mockingbird|1962|129 min|"Crime;Drama"|"Robert Mulligan"|"Frank Overton;Gregory Peck;John Megna;Rosemary Murphy"|"Atticus Finch, a lawyer in the Depression-era South, defends a black man against an undeserved rape charge, and his children against prejudice."|"English"|"USA"|https://images-na.ssl-images-amazon.com/images/M/MV5BMjA4MzI1NDY2Nl5BMl5BanBnXkFtZTcwMTcyODc5Mw@@._V1_SX300.jpg|tt0056592
71|Toy Story 3|2010|103 min|"Adventure;Animation;Comedy"|"Lee Unkrich"|"Joan Cusack;Ned Beatty;Tim Allen;Tom Hanks"|"The toys are mistakenly delivered to a day-care center instead of the attic right before Andy leaves for college, and it's up to Woody to convince the other toys that they weren't abandoned and to return home."|"English;Spanish"|"USA"|https://images-na.ssl-images-amazon.com/images/M/MV5BMTgxOTY4Mjc0MF5BMl5BanBnXkFtZTcwNTA4MDQyMw@@._V1_SX300.jpg|tt0435761
72|2001: A Space Odyssey|1968|149 min|"Adventure;Sci-Fi"|"Stanley Kubrick"|"Daniel Richter;Gary Lockwood;Keir Dullea;William Sylvester"|"Humanity finds a mysterious, obviously artificial object buried beneath the Lunar surface and, with the intelligent computer H.A.L. 9000, sets off on a quest."|"English;Russian"|"UK;USA"|https://images-na.ssl-images-amazon.com/images/M/MV5BMTZkZTBhYmUtMTIzNy00YTViLTg1OWItNGUwMmVlN2FjZTVkXkEyXkFqcGdeQXVyNDYyMDk5MTU@._V1_SX300.jpg|tt0062622
73|The Sting|1973|129 min|"Comedy;Crime;Drama"|"George Roy Hill"|"Charles Durning;Paul Newman;Robert Redford;Robert Shaw"|"In Chicago in September 1936, a young con man seeking revenge for his murdered partner teams up with a master of the big con to win a fortune from a criminal banker."|"English"|"USA"|https://images-na.ssl-images-amazon.com/images/M/MV5BMTY5MjM1OTAyOV5BMl5BanBnXkFtZTgwMDkwODg4MDE@._V1._CR52,57,915,1388_SX89_AL_.jpg_V1_SX300.jpg|tt0070735
74|Singin' in the Rain|1952|103 min|"Comedy;Musical;Romance"|"Gene Kelly;Stanley Donen"|"Debbie Reynolds;Donald O'Connor;Gene Kelly;Jean Hagen"|"A silent film production company and cast make a difficult transition to sound."|"English"|"USA"|https://images-na.ssl-images-amazon.com/images/M/MV5BZDRjNGViMjQtOThlMi00MTA3LThkYzQtNzJkYjBkMGE0YzE1XkEyXkFqcGdeQXVyNDYyMDk5MTU@._V1_SX300.jpg|tt0045152
75|Bicycle Thieves|1948|89 min|"Drama"|"Vittorio De Sica"|"Elena Altieri;Enzo Staiola;Lamberto Maggiorani;Lianella Carell"|"In post-war Italy, a working-class man's bicycle is stolen. He and his son set out to find it."|"Italian"|"Italy"|https://images-na.ssl-images-amazon.com/images/M/MV5BOTI3NTcwNzEtNDA1MS00ZjE0LThkNDEtMmU4MjVmNTQ1ZDBmXkEyXkFqcGdeQXVyNjc1NTYyMjg@._V1_SX300.jpg|tt0040522
76|Toy Story|1995|81 min|"Adventure;Animation;Comedy"|"John Lasseter"|"Don Rickles;Jim Varney;Tim Allen;Tom Hanks"|"A cowboy doll is profoundly threatened and jealous when a new spaceman figure supplants him as top toy in a boy's room."|"English"|"USA"|https://images-na.ssl-images-amazon.com/images/M/MV5BMDU2ZWJlMjktMTRhMy00ZTA5LWEzNDgtYmNmZTEwZTViZWJkXkEyXkFqcGdeQXVyNDQ2OTk4MzI@._V1_SX300.jpg|tt0114709
77|The Kid|1921|68 min|"Comedy;Drama;Family"|"Charles Chaplin"|"Carl Miller;Charles Chaplin;Edna Purviance;Jackie Coogan"|"The Tramp cares for an abandoned child, but events put that relationship in jeopardy."|"English"|"USA"|https://images-na.ssl-images-amazon.com/images/M/MV5BZjhhMThhNDItNTY2MC00MmU1LTliNDEtNDdhZjdlNTY5ZDQ1XkEyXkFqcGdeQXVyNjc1NTYyMjg@._V1_SX300.jpg|tt0012349
78|Inglourious Basterds|2009|153 min|"Adventure;Drama;War"|"Eli Roth;Quentin Tarantino"|"Brad Pitt;Christoph Waltz;Eli Roth;Mélanie Laurent"|"In Nazi-occupied France during World War II, a plan to assassinate Nazi leaders by a group of Jewish U.S. soldiers coincides with a theatre owner's vengeful plans for the same."|"English;French;German;Italian"|"Germany;USA"|https://images-na.ssl-images-amazon.com/images/M/MV5BOTJiNDEzOWYtMTVjOC00ZjlmLWE0NGMtZmE1OWVmZDQ2OWJhXkEyXkFqcGdeQXVyNTIzOTk5ODM@._V1_SX300.jpg|tt0361748
79|A Clockwork Orange|1971|136 min|"Crime;Drama;Sci-Fi"|"Stanley Kubrick"|"Malcolm McDowell;Michael Bates;Patrick Magee;Warren Clarke"|"In future Britain, Alex DeLarge, a charismatic and psycopath delinquent, who likes to practice crimes and ultra-violence with his gang, is jailed and volunteers for an experimental aversion therapy developed by the government in an effort to solve society"|"English"|"UK;USA"|https://images-na.ssl-images-amazon.com/images/M/MV5BMTY3MjM1Mzc4N15BMl5BanBnXkFtZTgwODM0NzAxMDE@._V1_SX300.jpg|tt0066921
80|3 Idiots|2009|170 min|"Comedy;Drama"|"Rajkumar Hirani"|"Aamir Khan;Kareena Kapoor;Madhavan;Sharman Joshi"|"Two friends are searching for their long lost companion. They revisit their college days and recall the memories of their friend who inspired them to think differently, even as the rest of the world called them "idiots"."|"English;Hindi"|"India"|https://images-na.ssl-images-amazon.com/images/M/MV5BZWRlNDdkNzItMzhlZC00YTdmLWIwNjktYjY5NjQ1ZmQ3N2FkXkEyXkFqcGdeQXVyNjU0OTQ0OTY@._V1_SX300.jpg|tt1187043
81|Monty Python and the Holy Grail|1975|91 min|"Adventure;Comedy;Fantasy"|"Terry Gilliam;Terry Jones"|"Eric Idle;Graham Chapman;John Cleese;Terry Gilliam"|"King Arthur and his knights embark on a low-budget search for the Grail, encountering many, very silly obstacles."|"English;French;Latin"|"UK"|https://images-na.ssl-images-amazon.com/images/M/MV5BNmNmZjViNTQtNDQ5Mi00MDYzLWI5YWMtNDUyZGNmMGZhNDg4XkEyXkFqcGdeQXVyNTA4NzY1MzY@._V1_SX300.jpg|tt0071853
82|For a Few Dollars More|1965|132 min|"Western"|"Sergio Leone"|"Clint Eastwood;Gian Maria Volontè;Lee Van Cleef;Mario Brega"|"Two bounty hunters with the same intentions team up to track down a Western outlaw."|"Italian"|"Italy;Spain;West Germany"|https://images-na.ssl-images-amazon.com/images/M/MV5BMTQzMjIzOTEzMF5BMl5BanBnXkFtZTcwMTUzNTk3NA@@._V1_SX300.jpg|tt0059578
83|L.A. Confidential|1997|138 min|"Crime;Drama;Mystery"|"Curtis Hanson"|"Guy Pearce;James Cromwell;Kevin Spacey;Russell Crowe"|"As corruption grows in 1950s LA, three policemen - one strait-laced, one brutal, and one sleazy - investigate a series of murders with their own brand of justice."|"English"|"USA"|https://images-na.ssl-images-amazon.com/images/M/MV5BMDBlYzAwZDktNzM2MS00YzBlLWI4ODQtZTlkNmMxZDc3NGRkXkEyXkFqcGdeQXVyMTQxNzMzNDI@._V1_SX300.jpg|tt0119488
84|The Apartment|1960|125 min|"Comedy;Drama;Romance"|"Billy Wilder"|"Fred MacMurray;Jack Lemmon;Ray Walston;Shirley MacLaine"|"A man tries to rise in his company by letting its executives use his apartment for trysts, but complications and a romance of his own ensue."|"English"|"USA"|https://images-na.ssl-images-amazon.com/images/M/MV5BN2YxYmUyZGItZWEzYy00NTA3LThhM2UtZThhNDM5NWYxZGQ1L2ltYWdlL2ltYWdlXkEyXkFqcGdeQXVyNjU0OTQ0OTY@._V1_SX300.jpg|tt0053604
85|Good Will Hunting|1997|126 min|"Drama"|"Gus Van Sant"|"Ben Affleck;Matt Damon;Robin Williams;Stellan Skarsgård"|"Will Hunting, a janitor at M.I.T., has a gift for mathematics, but needs help from a psychologist to find direction in his life."|"English"|"USA"|https://images-na.ssl-images-amazon.com/images/M/MV5BOTI0MzcxMTYtZDVkMy00NjY1LTgyMTYtZmUxN2M3NmQ2NWJhXkEyXkFqcGdeQXVyMTQxNzMzNDI@._V1_SX300.jpg|tt0119217
86|Rashômon|1941|N/A|"Mystery"|"Shinzo Yoshida"|"Omenosuke Ichikawa;Setsuko Kai;Yoshiko Kashiwa;Yuzuru Kume"|"N/A"|"Japanese"|"Japan"|N/A|tt2759632
87|A Separation|2011|123 min|"Drama;Mystery"|"Asghar Farhadi"|"Leila Hatami;Peyman Moaadi;Sareh Bayat;Shahab Hosseini"|"A married couple are faced with a difficult decision - to improve the life of their child by moving to another country or to stay in Iran and look after a deteriorating parent who has Alzheimer's disease."|"Persian"|"France;Iran"|https://images-na.ssl-images-amazon.com/images/M/MV5BMTYzMzU4NDUwOF5BMl5BanBnXkFtZTcwMTM5MjA5Ng@@._V1_SX300.jpg|tt1832382
88|Indiana Jones and the Last Crusade|1989|127 min|"Action;Adventure;Fantasy"|"Steven Spielberg"|"Alison Doody;Denholm Elliott;Harrison Ford;Sean Connery"|"When Dr. Henry Jones Sr. suddenly goes missing while pursuing the Holy Grail, eminent archaeologist Indiana Jones must follow in his father's footsteps and stop the Nazis."|"Arabic;English;German;Greek"|"USA"|https://images-na.ssl-images-amazon.com/images/M/MV5BMjNkMzc2N2QtNjVlNS00ZTk5LTg0MTgtODY2MDAwNTMwZjBjXkEyXkFqcGdeQXVyNDk3NzU2MTQ@._V1_SX300.jpg|tt0097576
89|All About Eve|1950|138 min|"Drama"|"Joseph L. Mankiewicz"|"Anne Baxter;Bette Davis;Celeste Holm;George Sanders"|"An ingenue insinuates herself into the company of an established but aging stage actress and her circle of theater friends."|"English;French"|"USA"|https://images-na.ssl-images-amazon.com/images/M/MV5BMTY2MTAzODI5NV5BMl5BanBnXkFtZTgwMjM4NzQ0MjE@._V1_SX300.jpg|tt0042192
90|Batman Begins|2005|140 min|"Action;Adventure"|"Christopher Nolan"|"Christian Bale;Katie Holmes;Liam Neeson;Michael Caine"|"After training with his mentor, Batman begins his fight to free crime-ridden Gotham City from the corruption that Scarecrow and the League of Shadows have cast upon it."|"English;Mandarin;Urdu"|"UK;USA"|https://images-na.ssl-images-amazon.com/images/M/MV5BNTM3OTc0MzM2OV5BMl5BanBnXkFtZTYwNzUwMTI3._V1_SX300.jpg|tt0372784
91|Raging Bull|1980|129 min|"Biography;Drama;Sport"|"Martin Scorsese"|"Cathy Moriarty;Frank Vincent;Joe Pesci;Robert De Niro"|"An emotionally self-destructive boxer's journey through life, as the violence and temper that leads him to the top in the ring destroys his life outside it."|"English"|"USA"|https://images-na.ssl-images-amazon.com/images/M/MV5BMjIxOTg3OTc5MF5BMl5BanBnXkFtZTcwNzkwNjMwNA@@._V1_SX300.jpg|tt0081398
92|Die Hard|1988|131 min|"Action;Thriller"|"John McTiernan"|"Bonnie Bedelia;Bruce Willis;Paul Gleason;Reginald VelJohnson"|"John McClane, officer of the NYPD, tries to save his wife Holly Gennaro and several others that were taken hostage by German terrorist Hans Gruber during a Christmas party at the Nakatomi Plaza in Los Angeles."|"English;German;Italian"|"USA"|https://images-na.ssl-images-amazon.com/images/M/MV5BMzNmY2IwYzAtNDQ1NC00MmI4LThkOTgtZmVhYmExOTVhMWRkXkEyXkFqcGdeQXVyMTk5NDA3Nw@@._V1_SX300.jpg|tt0095016
93|Some Like It Hot|1959|120 min|"Comedy;Romance"|"Billy Wilder"|"George Raft;Jack Lemmon;Marilyn Monroe;Tony Curtis"|"When two male musicians witness a mob hit, they flee the state in an all-female band disguised as women, but further complications set in."|"English"|"USA"|https://images-na.ssl-images-amazon.com/images/M/MV5BNzAyOGIxYjAtMGY2NC00ZTgyLWIwMWEtYzY0OWQ4NDFjOTc5XkEyXkFqcGdeQXVyNjU0OTQ0OTY@._V1_SX300.jpg|tt0053291
94|The Treasure of the Sierra Madre|1948|126 min|"Adventure;Drama;Western"|"John Huston"|"Bruce Bennett;Humphrey Bogart;Tim Holt;Walter Huston"|"Fred Dobbs and Bob Curtin, two Americans searching for work in Mexico, convince an old prospector to help them mine for gold in the Sierra Madre Mountains."|"English;Spanish"|"USA"|https://images-na.ssl-images-amazon.com/images/M/MV5BMTQ4MzUzOTYwOV5BMl5BanBnXkFtZTgwNDA4MzgyMjE@._V1_SX300.jpg|tt0040897
95|The Third Man|1949|93 min|"Film-Noir;Mystery;Thriller"|"Carol Reed"|"Alida Valli;Joseph Cotten;Orson Welles;Trevor Howard"|"Pulp novelist Holly Martins travels to shadowy, postwar Vienna, only to find himself investigating the mysterious death of an old friend, Harry Lime."|"English;German;Russian"|"UK"|https://images-na.ssl-images-amazon.com/images/M/MV5BZjQxYmRkMjgtMmZkZi00ZDYyLTk5OTktZWZjZTEzNGZlMWEwXkEyXkFqcGdeQXVyNDYyMDk5MTU@._V1_SX300.jpg|tt0041959
96|Children of Heaven|1997|89 min|"Drama;Family"|"Majid Majidi"|"Amir Farrokh Hashemian;Bahare Seddiqi;Mohammad Amir Naji;Nafise Jafar-Mohammadi"|"After a boy loses his sister's pair of shoes, he goes on a series of adventures in order to find them. When he can't, he tries a new way to "win" a new pair."|"Persian"|"Iran"|https://images-na.ssl-images-amazon.com/images/M/MV5BZTYwZWQ4ZTQtZWU0MS00N2YwLWEzMDItZWFkZWY0MWVjODVhXkEyXkFqcGdeQXVyNjU0OTQ0OTY@._V1_SX300.jpg|tt0118849
97|Heat|1995|170 min|"Action;Crime;Drama"|"Michael Mann"|"Al Pacino;Jon Voight;Robert De Niro;Val Kilmer"|"A group of professional bank robbers start to feel the heat from police when they unknowingly leave a clue at their latest heist."|"English;Spanish"|"USA"|https://images-na.ssl-images-amazon.com/images/M/MV5BNGMwNzUwNjYtZWM5NS00YzMyLWI4NjAtNjM0ZDBiMzE1YWExXkEyXkFqcGdeQXVyNDk3NzU2MTQ@._V1_SX300.jpg|tt0113277
98|The Great Escape|1963|172 min|"Adventure;Drama;History"|"John Sturges"|"James Donald;James Garner;Richard Attenborough;Steve McQueen"|"Allied prisoners of war plan for several hundred of their number to escape from a German camp during World War II."|"English;French;German;Russian;Spanish"|"USA"|https://images-na.ssl-images-amazon.com/images/M/MV5BMjI2MTQwNDI3Nl5BMl5BanBnXkFtZTcwNDk4MTkzNA@@._V1_SX300.jpg|tt0057115
99|Pan|2015|111 min|"Adventure;Family;Fantasy"|"Joe Wright"|"Garrett Hedlund;Hugh Jackman;Levi Miller;Rooney Mara"|"12-year-old orphan Peter is spirited away to the magical world of Neverland, where he finds both fun and danger, and ultimately discovers his destiny -- to become the hero who will be forever known as Peter Pan."|"English"|"Australia;UK;USA"|https://images-na.ssl-images-amazon.com/images/M/MV5BMzk2MDg5MDczMl5BMl5BanBnXkFtZTgwNTE2NjYyNjE@._V1_SX300.jpg|tt3332064
100|Inside Out|2015|95 min|"Adventure;Animation;Comedy"|"Pete Docter;Ronnie Del Carmen"|"Amy Poehler;Bill Hader;Phyllis Smith;Richard Kind"|"After young Riley is uprooted from her Midwest life and moved to San Francisco, her emotions - Joy, Fear, Anger, Disgust and Sadness - conflict on how best to navigate a new city, house, and school."|"English"|"USA"|https://images-na.ssl-images-amazon.com/images/M/MV5BOTgxMDQwMDk0OF5BMl5BanBnXkFtZTgwNjU5OTg2NDE@._V1_SX300.jpg|tt2096673
101|My Neighbor Totoro|1988|86 min|"Animation;Family;Fantasy"|"Hayao Miyazaki"|"Chika Sakamoto;Hitoshi Takagi;Noriko Hidaka;Shigesato Itoi"|"When two girls move to the country to be near their ailing mother, they have adventures with the wondrous forest spirits who live nearby."|"Japanese"|"Japan"|https://images-na.ssl-images-amazon.com/images/M/MV5BMjE3NzY5ODQwMV5BMl5BanBnXkFtZTcwNzY1NzcxNw@@._V1_SX300.jpg|tt0096283
102|Andrei Rublev|1966|205 min|"Biography;Drama;History"|"Andrei Tarkovsky"|"Anatoliy Solonitsyn;Ivan Lapikov;Nikolay Grinko;Nikolay Sergeev"|"The life, times and afflictions of the fifteenth-century Russian iconographer."|"Italian;Russian;Tatar"|"Soviet Union"|https://images-na.ssl-images-amazon.com/images/M/MV5BODQyMDAzMTQ3OV5BMl5BanBnXkFtZTgwNjUyMTM2MTE@._V1_SX300.jpg|tt0060107
103|The Gold Rush|1925|95 min|"Adventure;Comedy;Drama"|"Charles Chaplin"|"Charles Chaplin;Henry Bergman;Mack Swain;Tom Murray"|"A prospector goes to the Klondike in search of gold and finds it and more."|"English"|"USA"|https://images-na.ssl-images-amazon.com/images/M/MV5BZjEyOTE4MzMtNmMzMy00Mzc3LWJlOTQtOGJiNDE0ZmJiOTU4L2ltYWdlXkEyXkFqcGdeQXVyNTAyODkwOQ@@._V1_SX300.jpg|tt0015864
104|Ikiru|1952|143 min|"Drama"|"Akira Kurosawa"|"Haruo Tanaka;Minoru Chiaki;Shin'ichi Himori;Takashi Shimura"|"A bureaucrat tries to find a meaning in his life after he discovers he has terminal cancer."|"Japanese"|"Japan"|https://images-na.ssl-images-amazon.com/images/M/MV5BMWU4NmM5OTgtODk1MC00NThiLThkNjMtOWM5MGIzYjEyNmY5XkEyXkFqcGdeQXVyNTI4MjkwNjA@._V1_SX300.jpg|tt0044741
105|The Secret in Their Eyes|2009|129 min|"Drama;Mystery;Thriller"|"Juan José Campanella"|"Carla Quevedo;Pablo Rago;Ricardo Darín;Soledad Villamil"|"A retired legal counselor writes a novel hoping to find closure for one of his past unresolved homicide cases and for his unreciprocated love with his superior - both of which still haunt him decades later."|"Spanish"|"Argentina;Spain"|https://images-na.ssl-images-amazon.com/images/M/MV5BMTgwNTI3OTczOV5BMl5BanBnXkFtZTcwMTM3MTUyMw@@._V1_SX300.jpg|tt1305806
106|The Bridge on the River Kwai|1957|161 min|"Adventure;Drama;War"|"David Lean"|"Alec Guinness;Jack Hawkins;Sessue Hayakawa;William Holden"|"After settling his differences with a Japanese PoW camp commander, a British colonel co-operates to oversee his men's construction of a railway bridge for their captors - while oblivious to a plan by the Allies to destroy it."|"English;Japanese;Thai"|"UK;USA"|https://images-na.ssl-images-amazon.com/images/M/MV5BYjE1MzU4NWEtYjhjZS00NzM3LWIyYjQtMWU1M2VkNWYzMzMwXkEyXkFqcGdeQXVyNjc1NTYyMjg@._V1_SX300.jpg|tt0050212
107|Room|2015|118 min|"Drama"|"Lenny Abrahamson"|"Brie Larson;Jacob Tremblay;Sean Bridgers;Wendy Crewson"|"A young boy is raised within the confines of a small shed."|"English"|"Canada;Ireland;UK;USA"|https://images-na.ssl-images-amazon.com/images/M/MV5BMjE4NzgzNzEwMl5BMl5BanBnXkFtZTgwMTMzMDE0NjE@._V1_SX300.jpg|tt3170832
108|On the Waterfront|1954|108 min|"Crime;Drama;Thriller"|"Elia Kazan"|"Karl Malden;Lee J. Cobb;Marlon Brando;Rod Steiger"|"An ex-prize fighter turned longshoreman struggles to stand up to his corrupt union bosses."|"English"|"USA"|https://images-na.ssl-images-amazon.com/images/M/MV5BMjFiZDg3MDgtOTdiNC00ZGFiLWIyN2ItNDhkNGI5ZThkOTE3XkEyXkFqcGdeQXVyNjc1NTYyMjg@._V1_SX300.jpg|tt0047296
109|Mr. Smith Goes to Washington|1939|129 min|"Comedy;Drama"|"Frank Capra"|"Claude Rains;Edward Arnold;James Stewart;Jean Arthur"|"A naive man is appointed to fill a vacancy in the United States Senate. His plans promptly collide with political corruption, but he doesn't back down."|"English"|"USA"|https://images-na.ssl-images-amazon.com/images/M/MV5BZTYwYjYxYzgtMDE1Ni00NzU4LWJlMTEtODQ5YmJmMGJhZjI5L2ltYWdlXkEyXkFqcGdeQXVyMDI2NDg0NQ@@._V1_SX300.jpg|tt0031679
110|The Seventh Seal|1957|96 min|"Drama;Fantasy"|"Ingmar Bergman"|"Bengt Ekerot;Gunnar Björnstrand;Max von Sydow;Nils Poppe"|"A man seeks answers about life, death, and the existence of God as he plays chess against the Grim Reaper during the Black Plague."|"Latin;Swedish"|"Sweden"|https://images-na.ssl-images-amazon.com/images/M/MV5BM2I1ZWU4YjMtYzU0My00YmMzLWFmNTAtZDJhZGYwMmI3YWQ5XkEyXkFqcGdeQXVyNjU0OTQ0OTY@._V1_SX300.jpg|tt0050976
111|Blade Runner|1982|117 min|"Sci-Fi;Thriller"|"Ridley Scott"|"Edward James Olmos;Harrison Ford;Rutger Hauer;Sean Young"|"A blade runner must pursue and try to terminate four replicants who stole a ship in space and have returned to Earth to find their creator."|"Cantonese;English;German;Hungarian;Japanese"|"Hong Kong;UK;USA"|https://images-na.ssl-images-amazon.com/images/M/MV5BZWZlYmEyYTItNGRjYy00ZmMxLWEzMWItM2Q2NjZlNTMwMjQ3XkEyXkFqcGdeQXVyNDYyMDk5MTU@._V1_SX300.jpg|tt0083658
112|Lock, Stock and Two Smoking Barrels|1998|107 min|"Comedy;Crime"|"Guy Ritchie"|"Dexter Fletcher;Jason Flemyng;Jason Statham;Nick Moran"|"A botched card game in London triggers four friends, thugs, weed-growers, hard gangsters, loan sharks and debt collectors to collide with each other in a series of unexpected events, all for the sake of weed, cash and two antique shotguns."|"English"|"UK"|https://images-na.ssl-images-amazon.com/images/M/MV5BMTAyN2JmZmEtNjAyMy00NzYwLThmY2MtYWQ3OGNhNjExMmM4XkEyXkFqcGdeQXVyNDk3NzU2MTQ@._V1_SX300.jpg|tt0120735
113|Judgment at Nuremberg|1961|186 min|"Drama;War"|"Stanley Kramer"|"Burt Lancaster;Marlene Dietrich;Richard Widmark;Spencer Tracy"|"In 1948, an American court in occupied Germany tries four Nazi judges for war crimes."|"English;German"|"USA"|https://images-na.ssl-images-amazon.com/images/M/MV5BNDc2ODQ5NTE2MV5BMl5BanBnXkFtZTcwODExMjUyNA@@._V1_SX300.jpg|tt0055031
114|Wild Strawberries|1957|91 min|"Drama;Romance"|"Ingmar Bergman"|"Bibi Andersson;Gunnar Björnstrand;Ingrid Thulin;Victor Sjöström"|"After living a life marked by coldness, an aging professor is forced to confront the emptiness of his existence."|"Latin;Swedish"|"Sweden"|https://images-na.ssl-images-amazon.com/images/M/MV5BMjgwNjI3NTM1MF5BMl5BanBnXkFtZTgwNzY3MTUyMjE@._V1_SX300.jpg|tt0050986
115|V for Vendetta|2005|132 min|"Action;Drama;Thriller"|"James McTeigue"|"Hugo Weaving;Natalie Portman;Stephen Fry;Stephen Rea"|"In a future British tyranny, a shadowy freedom fighter, known only by the alias of "V", plots to overthrow it with the help of a young woman."|"English"|"Germany;UK;USA"|https://images-na.ssl-images-amazon.com/images/M/MV5BOTI5ODc3NzExNV5BMl5BanBnXkFtZTcwNzYxNzQzMw@@._V1_SX300.jpg|tt0434409
116|A Beautiful Mind|2001|135 min|"Biography;Drama"|"Ron Howard"|"Christopher Plummer;Ed Harris;Jennifer Connelly;Russell Crowe"|"After John Nash, a brilliant but asocial mathematician, accepts secret work in cryptography, his life takes a turn for the nightmarish."|"English"|"USA"|https://images-na.ssl-images-amazon.com/images/M/MV5BMzcwYWFkYzktZjAzNC00OGY1LWI4YTgtNzc5MzVjMDVmNjY0XkEyXkFqcGdeQXVyMTQxNzMzNDI@._V1_SX300.jpg|tt0268978
117|The Elephant Man|1980|124 min|"Biography;Drama"|"David Lynch"|"Anne Bancroft;Anthony Hopkins;John Gielgud;John Hurt"|"A Victorian surgeon rescues a heavily disfigured man who is mistreated while scraping a living as a side-show freak. Behind his monstrous facade, there is revealed a person of intelligence and sensitivity."|"English"|"UK;USA"|https://images-na.ssl-images-amazon.com/images/M/MV5BMDVjNjIwOGItNDE3Ny00OThjLWE0NzQtZTU3YjMzZTZjMzhkXkEyXkFqcGdeQXVyMTQxNzMzNDI@._V1_SX300.jpg|tt0080678
118|Hacksaw Ridge|2016|139 min|"Drama;History;War"|"Mel Gibson"|"Andrew Garfield;Jacob Warner;Milo Gibson;Richard Pyros"|"WWII American Army Medic Desmond T. Doss, who served during the Battle of Okinawa, refuses to kill people, and becomes the first man in American history to receive the Medal of Honor without firing a shot."|"English;Japanese"|"Australia;USA"|https://images-na.ssl-images-amazon.com/images/M/MV5BMjQ1NjM3MTUxNV5BMl5BanBnXkFtZTgwMDc5MTY5OTE@._V1_SX300.jpg|tt2119532
119|The Wolf of Wall Street|2013|180 min|"Biography;Comedy;Crime"|"Martin Scorsese"|"Jonah Hill;Leonardo DiCaprio;Margot Robbie;Matthew McConaughey"|"Based on the true story of Jordan Belfort, from his rise to a wealthy stock-broker living the high life to his fall involving crime, corruption and the federal government."|"English;French"|"USA"|https://images-na.ssl-images-amazon.com/images/M/MV5BMjIxMjgxNTk0MF5BMl5BanBnXkFtZTgwNjIyOTg2MDE@._V1_SX300.jpg|tt0993846
120|The General|1926|67 min|"Action;Adventure;Comedy"|"Buster Keaton;Clyde Bruckman"|"Buster Keaton;Glen Cavender;Jim Farley;Marion Mack"|"When Union spies steal an engineer's beloved locomotive, he pursues it single-handedly and straight through enemy lines."|"English"|"USA"|https://images-na.ssl-images-amazon.com/images/M/MV5BODQxMzMyNTY5Nl5BMl5BanBnXkFtZTcwMDMyNTk3OA@@._V1_SX300.jpg|tt0017925
121|The Bandit|1996|128 min|"Crime;Drama;Thriller"|"Yavuz Turgul"|"Sener Sen;Sermin Hürmeriç;Ugur Yücel;Yesim Salkim"|"The epic adventures of the legendary Baran the Bandit following his release from prison. After serving 35 years, it is no surprise that the world has changed dramatically. Still, Baran ..."|"Turkish"|"Bulgaria;France;Turkey"|https://images-na.ssl-images-amazon.com/images/M/MV5BOGQ4ZjFmYjktOGNkNS00OWYyLWIyZjgtMGJjM2U1ZTA0ZTlhXkEyXkFqcGdeQXVyNTA4NzY1MzY@._V1_SX300.jpg|tt0116231
122|Gran Torino|2008|116 min|"Drama"|"Clint Eastwood"|"Ahney Her;Bee Vang;Christopher Carley;Clint Eastwood"|"Disgruntled Korean War veteran Walt Kowalski sets out to reform his neighbor, a Hmong teenager who tried to steal Kowalski's prized possession: a 1972 Gran Torino."|"English;Hmong"|"Germany;USA"|https://images-na.ssl-images-amazon.com/images/M/MV5BMTQyMTczMTAxMl5BMl5BanBnXkFtZTcwOTc1ODE0Mg@@._V1_SX300.jpg|tt1205489
123|A Wednesday|2008|104 min|"Crime;Drama;Mystery"|"Neeraj Pandey"|"Anupam Kher;Deepal Shaw;Jimmy Shergill;Naseeruddin Shah"|"A retiring police officer reminisces about the most astounding day of his career. About a case that was never filed but continues to haunt him in his memories - the case of a man and a Wednesday."|"English;Hindi"|"India"|https://images-na.ssl-images-amazon.com/images/M/MV5BMTAzODEzMjE1MTJeQTJeQWpwZ15BbWU3MDE3NjQ5Mzk@._V1_SX300.jpg|tt1280558
124|Dial M for Murder|1954|105 min|"Crime;Film-Noir;Thriller"|"Alfred Hitchcock"|"Grace Kelly;John Williams;Ray Milland;Robert Cummings"|"An ex-tennis pro carries out a plot to murder his wife. When things go wrong, he improvises a brilliant plan B."|"English"|"USA"|https://images-na.ssl-images-amazon.com/images/M/MV5BMTkyNzc4ODk4N15BMl5BanBnXkFtZTcwMDE5ODEwNA@@._V1_SX300.jpg|tt0046912
125|The Deer Hunter|1978|183 min|"Drama;War"|"Michael Cimino"|"Christopher Walken;John Cazale;John Savage;Robert De Niro"|"An in-depth examination of the ways in which the U.S. Vietnam War impacts and disrupts the lives of people in a small industrial town in Pennsylvania."|"English;French;Russian;Vietnamese"|"USA"|https://images-na.ssl-images-amazon.com/images/M/MV5BMTYzYmRmZTQtYjk2NS00MDdlLTkxMDAtMTE2YTM2ZmNlMTBkXkEyXkFqcGdeQXVyNjU0OTQ0OTY@._V1_SX300.jpg|tt0077416
126|The Big Lebowski|1998|117 min|"Comedy;Crime;Mystery"|"Ethan Coen;Joel Coen"|"Jeff Bridges;John Goodman;Julianne Moore;Steve Buscemi"|""The Dude" Lebowski, mistaken for a millionaire Lebowski, seeks restitution for his ruined rug and enlists his bowling buddies to help get it."|"English;German;Hebrew;Spanish"|"UK;USA"|https://images-na.ssl-images-amazon.com/images/M/MV5BZTFjMjBiYzItNzU5YS00MjdiLWJkOTktNDQ3MTE3ZjY2YTY5XkEyXkFqcGdeQXVyNDk3NzU2MTQ@._V1_SX300.jpg|tt0118715
127|Rang De Basanti|2006|157 min|"Comedy;Drama;History"|"Rakeysh Omprakash Mehra"|"Aamir Khan;Kunal Kapoor;Sharman Joshi;Siddharth"|"This story is about six friends who help an English filmmaker create a documentary about Indian freedom struggle. During filming, this group of friends learn about those before them and the importance of fighting for their rights."|"English;Hindi;Panjabi"|"India"|https://images-na.ssl-images-amazon.com/images/M/MV5BMjEwNzA5MjAwN15BMl5BanBnXkFtZTcwMzY5MzIzMQ@@._V1_SX300.jpg|tt0405508
128|Gone with the Wind|1939|238 min|"Drama;History;Romance"|"George Cukor;Sam Wood;Victor Fleming"|"Barbara O'Neil;Evelyn Keyes;Thomas Mitchell;Vivien Leigh"|"American film classic in which a manipulative woman and a roguish man conduct a turbulent romance during the American Civil War and Reconstruction periods."|"English"|"USA"|https://images-na.ssl-images-amazon.com/images/M/MV5BYWQwOWVkMGItMDU2Yy00YjIzLWJkMjEtNmVkZjE3MjMwYzEzXkEyXkFqcGdeQXVyNjU0OTQ0OTY@._V1_SX300.jpg|tt0031381
129|The Passion of Joan of Arc|1928|114 min|"Biography;Drama;History"|"Carl Theodor Dreyer"|"André Berley;Eugene Silvain;Maria Falconetti;Maurice Schutz"|"A chronicle of the trial of Jeanne d'Arc on charges of heresy, and the efforts of her ecclesiastical jurists to force Jeanne to recant her claims of holy visions."|"French"|"France"|https://images-na.ssl-images-amazon.com/images/M/MV5BMjQxMjk5ODUxMl5BMl5BanBnXkFtZTgwNDI2MjUwMzE@._V1_SX300.jpg|tt0019254
130|Tokyo Story|1953|136 min|"Drama"|"Yasujirô Ozu"|"Chieko Higashiyama;Chishû Ryû;Haruko Sugimura;Setsuko Hara"|"An old couple visit their children and grandchildren in the city; but the children have little time for them."|"English;Japanese"|"Japan"|https://images-na.ssl-images-amazon.com/images/M/MV5BYmUwN2VjZjAtZjg1Ny00OTk3LTg5MWYtMTA0OGM5Njk5NmQxXkEyXkFqcGdeQXVyNjU0OTQ0OTY@._V1_SX300.jpg|tt0046438
131|The Sixth Sense|1999|107 min|"Drama;Mystery;Thriller"|"M. Night Shyamalan"|"Bruce Willis;Haley Joel Osment;Olivia Williams;Toni Collette"|"A boy who communicates with spirits that don't know they're dead seeks the help of a disheartened child psychologist."|"English;Latin;Spanish"|"USA"|https://images-na.ssl-images-amazon.com/images/M/MV5BMWM4NTFhYjctNzUyNi00NGMwLTk3NTYtMDIyNTZmMzRlYmQyXkEyXkFqcGdeQXVyMTAwMzUyOTc@._V1_SX300.jpg|tt0167404
132|Finding Nemo|2003|100 min|"Adventure;Animation;Comedy"|"Andrew Stanton;Lee Unkrich"|"Albert Brooks;Alexander Gould;Ellen DeGeneres;Willem Dafoe"|"After his son is captured in the Great Barrier Reef and taken to Sydney, a timid clownfish sets out on a journey to bring him home."|"English"|"USA"|https://images-na.ssl-images-amazon.com/images/M/MV5BZTAzNWZlNmUtZDEzYi00ZjA5LWIwYjEtZGM1NWE1MjE4YWRhXkEyXkFqcGdeQXVyNjU0OTQ0OTY@._V1_SX300.jpg|tt0266543
133|The Thing|1982|109 min|"Horror;Mystery;Sci-Fi"|"John Carpenter"|"David Clennon;Kurt Russell;T.K. Carter;Wilford Brimley"|"A research facility in Antarctica comes across an alien force that can become anything it touches with 100% accuracy. The members must now find out who's human and who's not before it's too late."|"English;Norwegian"|"USA"|https://images-na.ssl-images-amazon.com/images/M/MV5BNGViZWZmM2EtNGYzZi00ZDAyLTk3ODMtNzIyZTBjN2Y1NmM1XkEyXkFqcGdeQXVyNTAyODkwOQ@@._V1_SX300.jpg|tt0084787
134|No Country for Old Men|2007|122 min|"Crime;Drama;Thriller"|"Ethan Coen;Joel Coen"|"Javier Bardem;Josh Brolin;Tommy Lee Jones;Woody Harrelson"|"Violence and mayhem ensue after a hunter stumbles upon a drug deal gone wrong and more than two million dollars in cash near the Rio Grande."|"English;Spanish"|"USA"|https://images-na.ssl-images-amazon.com/images/M/MV5BMjA5Njk3MjM4OV5BMl5BanBnXkFtZTcwMTc5MTE1MQ@@._V1_SX300.jpg|tt0477348
135|Cool Hand Luke|1967|126 min|"Crime;Drama"|"Stuart Rosenberg"|"George Kennedy;J.D. Cannon;Lou Antonio;Paul Newman"|"A man refuses to conform to life in a rural prison."|"English"|"USA"|https://images-na.ssl-images-amazon.com/images/M/MV5BOWFlNzZhYmYtYTI5YS00MDQyLWIyNTUtNTRjMWUwNTEzNjA0XkEyXkFqcGdeQXVyNjUwNzk3NDc@._V1_SX300.jpg|tt0061512
136|How to Train Your Dragon|2010|98 min|"Action;Adventure;Animation"|"Chris Sanders;Dean DeBlois"|"America Ferrera;Craig Ferguson;Gerard Butler;Jay Baruchel"|"A hapless young Viking who aspires to hunt dragons becomes the unlikely friend of a young dragon himself, and learns there may be more to the creatures than he assumed."|"English"|"USA"|https://images-na.ssl-images-amazon.com/images/M/MV5BMjA5NDQyMjc2NF5BMl5BanBnXkFtZTcwMjg5ODcyMw@@._V1_SX300.jpg|tt0892769
137|Kill Bill: Vol. 1|2003|111 min|"Action;Crime;Thriller"|"Quentin Tarantino"|"Daryl Hannah;Lucy Liu;Uma Thurman;Vivica A. Fox"|"The Bride wakens from a four-year coma. The child she carried in her womb is gone. Now she must wreak vengeance on the team of assassins who betrayed her - a team she was once part of."|"English;French;Japanese"|"USA"|https://images-na.ssl-images-amazon.com/images/M/MV5BMTU1NDg1Mzg4M15BMl5BanBnXkFtZTYwMDExOTc3._V1_SX300.jpg|tt0266697
138|There Will Be Blood|2007|158 min|"Drama;History"|"Paul Thomas Anderson"|"Daniel Day-Lewis;Jacob Stringer;Martin Stringer;Matthew Braden Stringer"|"A story of family, religion, hatred, oil and madness, focusing on a turn-of-the-century prospector in the early days of the business."|"American Sign Language;English"|"USA"|https://images-na.ssl-images-amazon.com/images/M/MV5BMjAxODQ4MDU5NV5BMl5BanBnXkFtZTcwMDU4MjU1MQ@@._V1_SX300.jpg|tt0469494
139|Mary and Max|2009|92 min|"Animation;Comedy;Drama"|"Adam Elliot"|"Barry Humphries;Eric Bana;Philip Seymour Hoffman;Toni Collette"|"A tale of friendship between two unlikely pen pals: Mary, a lonely, eight-year-old girl living in the suburbs of Melbourne, and Max, a forty-four-year old, severely obese man living in New York."|"English;Yiddish"|"Australia"|https://images-na.ssl-images-amazon.com/images/M/MV5BMTQ1NDIyNTA1Nl5BMl5BanBnXkFtZTcwMjc2Njk3OA@@._V1_SX300.jpg|tt0978762
140|Into the Wild|2007|148 min|"Adventure;Biography;Drama"|"Sean Penn"|"Emile Hirsch;Jena Malone;Marcia Gay Harden;William Hurt"|"After graduating from Emory University, top student and athlete Christopher McCandless abandons his possessions, gives his entire $24,000 savings account to charity and hitchhikes to Alaska to live in the wilderness. Along the way, Christopher encounters "|"Danish;English"|"USA"|https://images-na.ssl-images-amazon.com/images/M/MV5BMTAwNDEyODU1MjheQTJeQWpwZ15BbWU2MDc3NDQwNw@@._V1_SX300.jpg|tt0758758
141|Come and See|1985|142 min|"Drama;War"|"Elem Klimov"|"Aleksey Kravchenko;Liubomiras Laucevicius;Olga Mironova;Vladas Bagdonas"|"After finding an old rifle, a young boy joins the Soviet resistance movement against ruthless German forces and experiences the horrors of World War II."|"Belarusian;German;Russian"|"Soviet Union"|https://images-na.ssl-images-amazon.com/images/M/MV5BM2UxNDkzMmYtOThlYi00ZmRjLWIyYzQtYTM5YWIzNWE1NzMzXkEyXkFqcGdeQXVyNTc2MDU0NDE@._V1_SX300.jpg|tt0091251
142|Gone Girl|2014|149 min|"Crime;Drama;Mystery"|"David Fincher"|"Ben Affleck;Neil Patrick Harris;Rosamund Pike;Tyler Perry"|"With his wife's disappearance having become the focus of an intense media circus, a man sees the spotlight turned on him when it's suspected that he may not be innocent."|"English"|"USA"|https://images-na.ssl-images-amazon.com/images/M/MV5BMTk0MDQ3MzAzOV5BMl5BanBnXkFtZTgwNzU1NzE3MjE@._V1_SX300.jpg|tt2267998
143|Life of Brian|1979|94 min|"Comedy"|"Terry Jones"|"Eric Idle;Graham Chapman;John Cleese;Terry Gilliam"|"Brian is born on the original Christmas, in the stable next door. He spends his life being mistaken for a messiah."|"English;Latin"|"UK"|https://images-na.ssl-images-amazon.com/images/M/MV5BMzAwNjU1OTktYjY3Mi00NDY5LWFlZWUtZjhjNGE0OTkwZDkwXkEyXkFqcGdeQXVyMTQxNzMzNDI@._V1_SX300.jpg|tt0079470
144|It Happened One Night|1934|105 min|"Comedy;Romance"|"Frank Capra"|"Clark Gable;Claudette Colbert;Roscoe Karns;Walter Connolly"|"A spoiled heiress running away from her family is helped by a man who is actually a reporter in need of a story."|"English"|"USA"|https://images-na.ssl-images-amazon.com/images/M/MV5BZmViYmM5OTYtNGQ4Ny00YjQyLThiNjEtYTE4MGZhZTNmZjcyL2ltYWdlL2ltYWdlXkEyXkFqcGdeQXVyNjU0OTQ0OTY@._V1_SX300.jpg|tt0025316
145|Hotel Rwanda|2004|121 min|"Biography;Drama;History"|"Terry George"|"Desmond Dube;Don Cheadle;Hakeem Kae-Kazim;Xolani Mali"|"Paul Rusesabagina was a hotel manager who housed over a thousand Tutsi refugees during their struggle against the Hutu militia in Rwanda."|"English;French"|"Italy;South Africa;UK"|https://images-na.ssl-images-amazon.com/images/M/MV5BMTI2MzQyNTc1M15BMl5BanBnXkFtZTYwMjExNjc3._V1_SX300.jpg|tt0395169
146|Munna Bhai M.B.B.S.|2003|156 min|"Comedy;Drama;Romance"|"Rajkumar Hirani"|"Arshad Warsi;Gracy Singh;Sanjay Dutt;Sunil Dutt"|"A gangster sets out to fulfill his father's dream of becoming a doctor."|"Hindi"|"India"|https://images-na.ssl-images-amazon.com/images/M/MV5BY2JlMGI1YWQtYjBhMi00NTJiLTgxMzUtMGU4NThlZTAyYmMxXkEyXkFqcGdeQXVyNTA4NzY1MzY@._V1_SX300.jpg|tt0374887
147|Shutter Island|2010|138 min|"Mystery;Thriller"|"Martin Scorsese"|"Ben Kingsley;Leonardo DiCaprio;Mark Ruffalo;Max von Sydow"|"In 1954, a U.S. marshal investigates the disappearance of a murderess who escaped from a hospital for the criminally insane."|"English;German"|"USA"|https://images-na.ssl-images-amazon.com/images/M/MV5BMTMxMTIyNzMxMV5BMl5BanBnXkFtZTcwOTc4OTI3Mg@@._V1_SX300.jpg|tt1130884
148|The Wages of Fear|1953|131 min|"Adventure;Drama;Thriller"|"Henri-Georges Clouzot"|"Charles Vanel;Folco Lulli;Peter van Eyck;Yves Montand"|"In a decrepit South American village, four men are hired to transport an urgent nitroglycerine shipment without the equipment that would make it safe."|"English;French;German;Italian;Russian;Spanish"|"France;Italy"|https://images-na.ssl-images-amazon.com/images/M/MV5BMTQ5MzkyNDgyMF5BMl5BanBnXkFtZTgwODg2MTMzMjE@._V1_SX300.jpg|tt0046268
149|Stand by Me|1986|89 min|"Adventure;Drama"|"Rob Reiner"|"Corey Feldman;Jerry O'Connell;River Phoenix;Wil Wheaton"|"After the death of a friend, a writer recounts a boyhood journey to find the body of a missing boy."|"English"|"USA"|https://images-na.ssl-images-amazon.com/images/M/MV5BMjIxODliZDYtMGMyYy00ZDQzLTgzOTMtMWY5YWEyNTBhNzk5L2ltYWdlL2ltYWdlXkEyXkFqcGdeQXVyMTQxNzMzNDI@._V1_SX300.jpg|tt0092005
150|In the Name of the Father|1993|133 min|"Biography;Drama"|"Jim Sheridan"|"Alison Crosbie;Daniel Day-Lewis;Emma Thompson;Philip King"|"A man's coerced confession to an IRA bombing he did not commit results in the imprisonment of his father as well. An English lawyer fights to free them."|"English"|"Ireland;UK;USA"|https://images-na.ssl-images-amazon.com/images/M/MV5BMWQ0ZGU3NDUtYjRkNS00Yzg4LTgxMTItMjExYjg3ZjgyMGRkXkEyXkFqcGdeQXVyNjU0OTQ0OTY@._V1_SX300.jpg|tt0107207
151|Rush|2013|123 min|"Action;Biography;Drama"|"Ron Howard"|"Alexandra Maria Lara;Chris Hemsworth;Daniel Brühl;Olivia Wilde"|"The merciless 1970s rivalry between Formula One rivals James Hunt and Niki Lauda."|"English;French;German;Italian;Spanish"|"Germany;UK;USA"|https://images-na.ssl-images-amazon.com/images/M/MV5BOWEwODJmZDItYTNmZC00OGM4LThlNDktOTQzZjIzMGQxODA4XkEyXkFqcGdeQXVyNjU0OTQ0OTY@._V1_SX300.jpg|tt1979320
152|The 400 Blows|1959|99 min|"Crime;Drama"|"François Truffaut"|"Albert Rémy;Claire Maurier;Guy Decomble;Jean-Pierre Léaud"|"Moving story of a young boy who, left without attention, delves into a life of petty crime."|"English;French"|"France"|https://images-na.ssl-images-amazon.com/images/M/MV5BYTQ4MjA4NmYtYjRhNi00MTEwLTg0NjgtNjk3ODJlZGU4NjRkL2ltYWdlL2ltYWdlXkEyXkFqcGdeQXVyNjU0OTQ0OTY@._V1_SX300.jpg|tt0053198
153|Sholay|1975|162 min|"Action;Adventure;Comedy"|"Ramesh Sippy"|"Amitabh Bachchan;Dharmendra;Hema Malini;Sanjeev Kumar"|"After his family is murdered by a notorious and ruthless bandit, a former police officer enlists the services of two outlaws to capture the bandit."|"Hindi"|"India"|https://images-na.ssl-images-amazon.com/images/M/MV5BOWQ0YTUzYzItYjI0MC00OTZmLWE1MWQtY2EzMzU2MTlmMmJjXkEyXkFqcGdeQXVyMDkwNTkwNg@@._V1_SX300.jpg|tt0073707
154|Mad Max: Fury Road|2015|120 min|"Action;Adventure;Sci-Fi"|"George Miller"|"Charlize Theron;Hugh Keays-Byrne;Nicholas Hoult;Tom Hardy"|"A woman rebels against a tyrannical ruler in postapocalyptic Australia in search for her home-land with the help of a group of female prisoners, a psychotic worshipper, and a drifter named Max."|"English;Russian"|"Australia;USA"|https://images-na.ssl-images-amazon.com/images/M/MV5BMTUyMTE0ODcxNF5BMl5BanBnXkFtZTgwODE4NDQzNTE@._V1_SX300.jpg|tt1392190
155|12 Years a Slave|2013|134 min|"Biography;Drama;History"|"Steve McQueen"|"Bryan Batt;Chiwetel Ejiofor;Dickie Gravois;Dwight Henry"|"In the antebellum United States, Solomon Northup, a free black man from upstate New York, is abducted and sold into slavery."|"English"|"UK;USA"|https://images-na.ssl-images-amazon.com/images/M/MV5BMjExMTEzODkyN15BMl5BanBnXkFtZTcwNTU4NTc4OQ@@._V1_SX300.jpg|tt2024544
156|The Grand Budapest Hotel|2014|99 min|"Adventure;Comedy;Drama"|"Wes Anderson"|"Adrien Brody;F. Murray Abraham;Mathieu Amalric;Ralph Fiennes"|"The adventures of Gustave H, a legendary concierge at a famous hotel from the fictional Republic of Zubrowka between the first and second World Wars, and Zero Moustafa, the lobby boy who becomes his most trusted friend."|"English;French"|"Germany;UK;USA"|https://images-na.ssl-images-amazon.com/images/M/MV5BMzM5NjUxOTEyMl5BMl5BanBnXkFtZTgwNjEyMDM0MDE@._V1_SX300.jpg|tt2278388
157|Hera Pheri|2000|156 min|"Comedy;Crime;Thriller"|"Priyadarshan"|"Akshay Kumar;Paresh Rawal;Sunil Shetty;Tabu"|"Three unemployed men find the answer to all their money problems when they recieve a call from a kidnapper. However, things do not go as planned."|"Hindi"|"India"|https://images-na.ssl-images-amazon.com/images/M/MV5BZTYwNDdmNmEtOGZhYS00MjRiLWIzOWUtNDQxNzg4ZTVjMGE1XkEyXkFqcGdeQXVyNjQ2MjQ5NzM@._V1_SX300.jpg|tt0242519
158|Butch Cassidy and the Sundance Kid|1969|110 min|"Biography;Crime;Drama"|"George Roy Hill"|"Katharine Ross;Paul Newman;Robert Redford;Strother Martin"|"Two Western bank/train robbers flee to Bolivia when the law gets too close."|"English;Spanish"|"USA"|https://images-na.ssl-images-amazon.com/images/M/MV5BMTkyMTM2NDk5Nl5BMl5BanBnXkFtZTgwNzY1NzEyMDE@._V1_SX300.jpg|tt0064115
159|Persona|1966|83 min|"Drama;Thriller"|"Ingmar Bergman"|"Bibi Andersson;Gunnar Björnstrand;Liv Ullmann;Margaretha Krook"|"A nurse is put in charge of a mute actress and finds that their personas are melding together."|"English;Swedish"|"Sweden"|https://images-na.ssl-images-amazon.com/images/M/MV5BMTc1OTgxNjYyNF5BMl5BanBnXkFtZTcwNjM2MjM2NQ@@._V1_SX300.jpg|tt0060827
160|The Nights of Cabiria|1957|110 min|"Drama"|"Federico Fellini"|"Dorian Gray;Franca Marzi;François Périer;Giulietta Masina"|"A waifish prostitute wanders the streets of Rome looking for true love but finds only heartbreak."|"Italian"|"France;Italy"|https://images-na.ssl-images-amazon.com/images/M/MV5BZjllMDcyY2YtZDc5Zi00NDRlLThkZmItMTJhOWZmYjM0NmQyXkEyXkFqcGdeQXVyNTc1NDM0NDU@._V1_SX300.jpg|tt0050783
161|The Maltese Falcon|1941|100 min|"Crime;Film-Noir;Mystery"|"John Huston"|"Gladys George;Humphrey Bogart;Mary Astor;Peter Lorre"|"A private detective takes on a case that involves him with three eccentric criminals, a gorgeous liar, and their quest for a priceless statuette."|"English"|"USA"|https://images-na.ssl-images-amazon.com/images/M/MV5BMTc4MDEzOTMwMl5BMl5BanBnXkFtZTgwMTc2NjgyMjE@._V1_SX300.jpg|tt0033870
162|Amores Perros|2000|154 min|"Drama;Thriller"|"Alejandro González Iñárritu"|"Álvaro Guerrero;Emilio Echevarría;Gael García Bernal;Goya Toledo"|"A horrific car accident connects three stories, each involving characters dealing with loss, regret, and life's harsh realities, all in the name of love."|"Spanish"|"Mexico"|https://images-na.ssl-images-amazon.com/images/M/MV5BZjYwYzliYTktMzk3MS00MzE0LTllM2QtMDk3MTFmOGQ2MjE0XkEyXkFqcGdeQXVyMTQxNzMzNDI@._V1_SX300.jpg|tt0245712
163|Jurassic Park|1993|127 min|"Adventure;Sci-Fi;Thriller"|"Steven Spielberg"|"Jeff Goldblum;Laura Dern;Richard Attenborough;Sam Neill"|"During a preview tour, a theme park suffers a major power breakdown that allows its cloned dinosaur exhibits to run amok."|"English;Spanish"|"USA"|https://images-na.ssl-images-amazon.com/images/M/MV5BMjM2MDgxMDg0Nl5BMl5BanBnXkFtZTgwNTM2OTM5NDE@._V1_SX300.jpg|tt0107290
164|Star Wars: Episode VII - The Force Awakens: The Story Awakens - The Table Read|2016|4 min|"Documentary;Short"|"N/A"|"Adam Driver;Carrie Fisher;J.J. Abrams;John Boyega"|"N/A"|"English"|"USA"|N/A|tt5613052
165|Million Dollar Baby|2004|132 min|"Drama;Sport"|"Clint Eastwood"|"Clint Eastwood;Hilary Swank;Jay Baruchel;Morgan Freeman"|"A determined woman works with a hardened boxing trainer to become a professional."|"English;Irish"|"USA"|https://images-na.ssl-images-amazon.com/images/M/MV5BMTkxNzA1NDQxOV5BMl5BanBnXkFtZTcwNTkyMTIzMw@@._V1_SX300.jpg|tt0405159
167|Andaz Apna Apna|1994|160 min|"Comedy;Family;Romance"|"Rajkumar Santoshi"|"Aamir Khan;Karisma Kapoor;Raveena Tandon;Salman Khan"|"Two slackers competing for the affections of an heiress, inadvertently become her protectors from an evil criminal."|"Hindi"|"India"|https://images-na.ssl-images-amazon.com/images/M/MV5BNWE2MjhjMmMtNzQyMS00MmI0LTlkOTUtZDVlZjFlNmZkNDgyL2ltYWdlXkEyXkFqcGdeQXVyNjQ2MjQ5NzM@._V1_SX300.jpg|tt0109117
168|Before Sunrise|1995|101 min|"Drama;Romance"|"Richard Linklater"|"Andrea Eckert;Ethan Hawke;Hanno Pöschl;Julie Delpy"|"A young man and woman meet on a train in Europe, and wind up spending one evening together in Vienna. Unfortunately, both know that this will probably be their only night together."|"English;French;German"|"Austria;Switzerland;USA"|https://images-na.ssl-images-amazon.com/images/M/MV5BZDdiZTAwYzAtMDI3Ni00OTRjLTkzN2UtMGE3MDMyZmU4NTU4XkEyXkFqcGdeQXVyNjU0OTQ0OTY@._V1_SX300.jpg|tt0112471
169|The Truman Show|1998|103 min|"Comedy;Drama;Sci-Fi"|"Peter Weir"|"Jim Carrey;Laura Linney;Natascha McElhone;Noah Emmerich"|"An insurance salesman/adjuster discovers his entire life is actually a television show."|"English"|"USA"|https://images-na.ssl-images-amazon.com/images/M/MV5BMDIzODcyY2EtMmY2MC00ZWVlLTgwMzAtMjQwOWUyNmJjNTYyXkEyXkFqcGdeQXVyNDk3NzU2MTQ@._V1_SX300.jpg|tt0120382
170|Nausicaä of the Valley of the Wind|1984|117 min|"Adventure;Animation;Fantasy"|"Hayao Miyazaki"|"Gorô Naya;Hisako Kyôda;Mahito Tsujimura;Sumi Shimamoto"|"Warrior/pacifist Princess Nausicaä desperately struggles to prevent two warring nations from destroying themselves and their dying planet."|"English;Japanese"|"Japan;USA"|https://images-na.ssl-images-amazon.com/images/M/MV5BODJiNmUzYmQtZTNhNS00NjY0LThmYjMtOTliOTM1NTdkYzY1XkEyXkFqcGdeQXVyNjU0OTQ0OTY@._V1_SX300.jpg|tt0087544
171|The Princess Bride|1987|98 min|"Adventure;Family;Fantasy"|"Rob Reiner"|"Cary Elwes;Chris Sarandon;Christopher Guest;Mandy Patinkin"|"While home sick in bed, a young boy's grandfather reads him a story called The Princess Bride."|"English"|"USA"|https://images-na.ssl-images-amazon.com/images/M/MV5BMGM4M2Q5N2MtNThkZS00NTc1LTk1NTItNWEyZjJjNDRmNDk5XkEyXkFqcGdeQXVyMjA0MDQ0Mjc@._V1_SX300.jpg|tt0093779
172|The Grapes of Wrath|1940|129 min|"Drama;History"|"John Ford"|"Charley Grapewin;Henry Fonda;Jane Darwell;John Carradine"|"A poor Midwest family is forced off of their land. They travel to California, suffering the misfortunes of the homeless in the Great Depression."|"English"|"USA"|https://images-na.ssl-images-amazon.com/images/M/MV5BNzJiOGI2MjctYjUyMS00ZjkzLWE2ZmUtOTg4NTZkOTNhZDc1L2ltYWdlXkEyXkFqcGdeQXVyNjc1NTYyMjg@._V1_SX300.jpg|tt0032551
173|Rocky|1976|120 min|"Drama;Sport"|"John G. Avildsen"|"Burt Young;Carl Weathers;Sylvester Stallone;Talia Shire"|"Rocky Balboa, a small-time boxer, gets a supremely rare chance to fight heavy-weight champion Apollo Creed in a bout in which he strives to go the distance for his self-respect."|"English"|"USA"|https://images-na.ssl-images-amazon.com/images/M/MV5BMTY5MDMzODUyOF5BMl5BanBnXkFtZTcwMTQ3NTMyNA@@._V1_SX300.jpg|tt0075148
174|Touch of Evil|1958|95 min|"Crime;Drama;Film-Noir"|"Orson Welles"|"Charlton Heston;Janet Leigh;Joseph Calleia;Orson Welles"|"A stark, perverse story of murder, kidnapping, and police corruption in a Mexican border town."|"English;Spanish"|"USA"|https://images-na.ssl-images-amazon.com/images/M/MV5BOTBlNGM0MjMtMDBhNi00NGJhLTliOTUtNDdlNjUwMTBkOTE1XkEyXkFqcGdeQXVyMTQxNzMzNDI@._V1_SX300.jpg|tt0052311
175|Harry Potter and the Deathly Hallows: Part 2|2011|130 min|"Adventure;Drama;Fantasy"|"David Yates"|"Alan Rickman;Daniel Radcliffe;Michael Gambon;Ralph Fiennes"|"Harry, Ron and Hermione search for Voldemort's remaining Horcruxes in their effort to destroy the Dark Lord as the final battle rages on at Hogwarts."|"English"|"UK;USA"|https://images-na.ssl-images-amazon.com/images/M/MV5BMTY2MTk3MDQ1N15BMl5BanBnXkFtZTcwMzI4NzA2NQ@@._V1_SX300.jpg|tt1201607
176|Annie Hall|1977|93 min|"Comedy;Romance"|"Woody Allen"|"Carol Kane;Diane Keaton;Tony Roberts;Woody Allen"|"Neurotic New York comedian Alvy Singer falls in love with the ditzy Annie Hall."|"English;German"|"USA"|https://images-na.ssl-images-amazon.com/images/M/MV5BMTU1NDM2MjkwM15BMl5BanBnXkFtZTcwODU3OTYwNA@@._V1_SX300.jpg|tt0075686
177|Diabolique|1955|117 min|"Crime;Drama;Horror"|"Henri-Georges Clouzot"|"Charles Vanel;Paul Meurisse;Simone Signoret;Véra Clouzot"|"The wife and mistress of a cruel headmaster conspire to kill him; after the murder is committed, his corpse disappears, and strange events begin to plague the two women."|"English;French"|"France"|https://images-na.ssl-images-amazon.com/images/M/MV5BMGJmNmU5OTAtOTQyYy00MmM3LTk4MzUtMGFiZDYzODdmMmU4XkEyXkFqcGdeQXVyNjU0OTQ0OTY@._V1_SX300.jpg|tt0046911
178|Donnie Darko|2001|113 min|"Drama;Sci-Fi;Thriller"|"Richard Kelly"|"Daveigh Chase;Holmes Osborne;Jake Gyllenhaal;Maggie Gyllenhaal"|"A troubled teenager is plagued by visions of a man in a large rabbit suit who manipulates him to commit a series of crimes, after he narrowly escapes a bizarre accident."|"English"|"USA"|https://images-na.ssl-images-amazon.com/images/M/MV5BZWQyN2ZkODktMTBkNS00OTBjLWJhOGYtNGU4YWVkNTY0ZDZkXkEyXkFqcGdeQXVyNjU0OTQ0OTY@._V1_SX300.jpg|tt0246578
179|Get Out|2017|104 min|"Horror;Mystery"|"Jordan Peele"|"Allison Williams;Bradley Whitford;Catherine Keener;Daniel Kaluuya"|"A young African-American man visits his Caucasian girlfriend's mysterious family estate."|"English"|"USA"|https://images-na.ssl-images-amazon.com/images/M/MV5BNTE2Nzg1NjkzNV5BMl5BanBnXkFtZTgwOTgyODMyMTI@._V1_SX300.jpg|tt5052448
180|The Bourne Ultimatum|2007|115 min|"Action;Mystery;Thriller"|"Paul Greengrass"|"David Strathairn;Julia Stiles;Matt Damon;Scott Glenn"|"Jason Bourne dodges a ruthless CIA official and his agents from a new assassination program while searching for the origins of his life as a trained killer."|"Arabic;English;French;Russian;Spanish"|"Germany;USA"|https://images-na.ssl-images-amazon.com/images/M/MV5BNGNiNmU2YTMtZmU4OS00MjM0LTlmYWUtMjVlYjAzYjE2N2RjXkEyXkFqcGdeQXVyNDk3NzU2MTQ@._V1_SX300.jpg|tt0440963
181|Monsters, Inc.|2001|92 min|"Adventure;Animation;Comedy"|"David Silverman;Lee Unkrich;Pete Docter"|"Billy Crystal;John Goodman;Mary Gibbs;Steve Buscemi"|"In order to power the city, monsters have to scare children so that they scream. However, the children are toxic to the monsters, and after a child gets through, 2 monsters realize things may not be what they think."|"English"|"USA"|https://images-na.ssl-images-amazon.com/images/M/MV5BMTY1NTI0ODUyOF5BMl5BanBnXkFtZTgwNTEyNjQ0MDE@._V1_SX300.jpg|tt0198781
182|Catch Me If You Can|2002|141 min|"Biography;Crime;Drama"|"Steven Spielberg"|"Christopher Walken;Leonardo DiCaprio;Martin Sheen;Tom Hanks"|"The true story of Frank Abagnale Jr. who, before his 19th birthday, successfully conned millions of dollars' worth of checks as a Pan Am pilot, doctor, and legal prosecutor."|"English;French"|"Canada;USA"|https://images-na.ssl-images-amazon.com/images/M/MV5BMTY5MzYzNjc5NV5BMl5BanBnXkFtZTYwNTUyNTc2._V1_SX300.jpg|tt0264464
183|The Terminator|1984|107 min|"Action;Sci-Fi"|"James Cameron"|"Arnold Schwarzenegger;Linda Hamilton;Michael Biehn;Paul Winfield"|"A seemingly indestructible humanoid cyborg is sent from 2029 to 1984 to assassinate a waitress, whose unborn son will lead humanity in a war against the machines, while a soldier from that war is sent to protect her at all costs."|"English;Spanish"|"UK;USA"|https://images-na.ssl-images-amazon.com/images/M/MV5BODE1MDczNTUxOV5BMl5BanBnXkFtZTcwMTA0NDQyNA@@._V1_SX300.jpg|tt0088247
184|The Wizard of Oz|1939|102 min|"Adventure;Family;Fantasy"|"George Cukor;King Vidor;Mervyn LeRoy;Norman Taurog;Victor Fleming"|"Bert Lahr;Frank Morgan;Judy Garland;Ray Bolger"|"Dorothy Gale is swept away from a farm in Kansas to a magical land of Oz in a tornado and embarks on a quest with her new friends to see the Wizard who can help her return home in Kansas and help her friends as well."|"English"|"USA"|https://images-na.ssl-images-amazon.com/images/M/MV5BNjUyMTc4MDExMV5BMl5BanBnXkFtZTgwNDg0NDIwMjE@._V1_SX300.jpg|tt0032138
185|8½|1963|138 min|"Drama;Fantasy"|"Federico Fellini"|"Anouk Aimée;Claudia Cardinale;Marcello Mastroianni;Sandra Milo"|"A harried movie director retreats into his memories and fantasies."|"English;French;German;Italian"|"France;Italy"|https://images-na.ssl-images-amazon.com/images/M/MV5BMTQ4MTA0NjEzMF5BMl5BanBnXkFtZTgwMDg4NDYxMzE@._V1_SX300.jpg|tt0056801
186|Twelve Monkeys|1995|129 min|"Mystery;Sci-Fi;Thriller"|"Terry Gilliam"|"Bruce Willis;Jon Seda;Joseph Melito;Michael Chance"|"In a future world devastated by disease, a convict is sent back in time to gather information about the man-made virus that wiped out most of the human population on the planet."|"English;French"|"USA"|https://images-na.ssl-images-amazon.com/images/M/MV5BN2Y2OWU4MWMtNmIyMy00YzMyLWI0Y2ItMTcyZDc3MTdmZDU4XkEyXkFqcGdeQXVyMTQxNzMzNDI@._V1_SX300.jpg|tt0114746
187|Groundhog Day|1993|101 min|"Comedy;Fantasy;Romance"|"Harold Ramis"|"Andie MacDowell;Bill Murray;Chris Elliott;Stephen Tobolowsky"|"A weatherman finds himself inexplicably living the same day over and over again."|"English;French;Italian"|"USA"|https://images-na.ssl-images-amazon.com/images/M/MV5BZWIxNzM5YzQtY2FmMS00Yjc3LWI1ZjUtNGVjMjMzZTIxZTIxXkEyXkFqcGdeQXVyNjU0OTQ0OTY@._V1_SX300.jpg|tt0107048
188|Barry Lyndon|1975|184 min|"Adventure;Drama;History"|"Stanley Kubrick"|"Hardy Krüger;Marisa Berenson;Patrick Magee;Ryan O'Neal"|"An Irish rogue wins the heart of a rich widow and assumes her dead husband's aristocratic position in 18th-century England."|"English;French;German"|"Ireland;UK;USA"|https://images-na.ssl-images-amazon.com/images/M/MV5BNmY0MWY2NDctZDdmMi00MjA1LTk0ZTQtZDMyZTQ1NTNlYzVjXkEyXkFqcGdeQXVyMjUzOTY1NTc@._V1_SX300.jpg|tt0072684
189|La Haine|1995|98 min|"Crime;Drama"|"Mathieu Kassovitz"|"Abdel Ahmed Ghili;Hubert Koundé;Saïd Taghmaoui;Vincent Cassel"|"24 hours in the lives of three young men in the French suburbs the day after a violent riot."|"French"|"France"|https://images-na.ssl-images-amazon.com/images/M/MV5BNDNiOTA5YjktY2Q0Ni00ODgzLWE5MWItNGExOWRlYjY2MjBlXkEyXkFqcGdeQXVyNjQ2MjQ5NzM@._V1_SX300.jpg|tt0113247
190|Jaws|1975|124 min|"Adventure;Drama;Thriller"|"Steven Spielberg"|"Lorraine Gary;Richard Dreyfuss;Robert Shaw;Roy Scheider"|"A giant great white shark arrives on the shores of a New England beach resort and wreaks havoc with bloody attacks on swimmers, until a part-time sheriff teams up with a marine biologist and an old seafarer to hunt the monster down."|"English"|"USA"|https://images-na.ssl-images-amazon.com/images/M/MV5BMmVmODY1MzEtYTMwZC00MzNhLWFkNDMtZjAwM2EwODUxZTA5XkEyXkFqcGdeQXVyNTAyODkwOQ@@._V1_SX300.jpg|tt0073195
191|The Best Years of Our Lives|1946|172 min|"Drama;Romance;War"|"William Wyler"|"Dana Andrews;Fredric March;Myrna Loy;Teresa Wright"|"Three World War II veterans return home to small-town America to discover that they and their families have been irreparably changed."|"English"|"USA"|https://images-na.ssl-images-amazon.com/images/M/MV5BMTk1NTAxNzg3Nl5BMl5BanBnXkFtZTcwNjU4OTQwNw@@._V1_SX300.jpg|tt0036868
192|Infernal Affairs|2002|101 min|"Crime;Drama;Mystery"|"Alan Mak;Wai-Keung Lau"|"Andy Lau;Anthony Chau-Sang Wong;Eric Tsang;Tony Leung Chiu-Wai"|"A story between a mole in the police department and an undercover cop. Their objectives are the same: to find out who is the mole, and who is the cop."|"Cantonese;English;Thai"|"Hong Kong"|https://images-na.ssl-images-amazon.com/images/M/MV5BMWJmNzNmYjctMGM5OS00NGIwLTkxOTktNGI4MTdlNTk4MjgwXkEyXkFqcGdeQXVyMjQ1NjEyNzE@._V1_SX300.jpg|tt0338564
193|Zootopia|2016|108 min|"Adventure;Animation;Comedy"|"Byron Howard;Jared Bush;Rich Moore"|"Ginnifer Goodwin;Idris Elba;Jason Bateman;Jenny Slate"|"In a city of anthropomorphic animals, a rookie bunny cop and a cynical con artist fox must work together to uncover a conspiracy."|"English"|"USA"|https://images-na.ssl-images-amazon.com/images/M/MV5BOTMyMjEyNzIzMV5BMl5BanBnXkFtZTgwNzIyNjU0NzE@._V1_SX300.jpg|tt2948356
194|Gangs of Wasseypur|2012|320 min|"Action;Crime;Drama"|"Anurag Kashyap"|"Manoj Bajpayee;Nawazuddin Siddiqui;Richa Chadha;Tigmanshu Dhulia"|"A clash between Sultan and Shahid Khan leads to the expulsion of Khan from Wasseypur, and ignites a deadly blood feud spanning three generations."|"Hindi"|"India"|https://images-na.ssl-images-amazon.com/images/M/MV5BMTc5NjY4MjUwNF5BMl5BanBnXkFtZTgwODM3NzM5MzE@._V1_SX300.jpg|tt1954470
195|Dog Day Afternoon|1975|125 min|"Biography;Crime;Drama"|"Sidney Lumet"|"Beulah Garrick;John Cazale;Penelope Allen;Sully Boyar"|"A man robs a bank to pay for his lover's operation; it turns into a hostage situation and a media circus."|"English"|"USA"|https://images-na.ssl-images-amazon.com/images/M/MV5BODExZmE2ZWItYTIzOC00MzI1LTgyNTktMDBhNmFhY2Y4OTQ3XkEyXkFqcGdeQXVyNjU0OTQ0OTY@._V1_SX300.jpg|tt0072890
196|The Battle of Algiers|1966|121 min|"Drama;War"|"Gillo Pontecorvo"|"Brahim Hadjadj;Jean Martin;Samia Kerbash;Yacef Saadi"|"In the 1950s, fear and violence escalate as the people of Algiers fight for independence from the French government."|"Arabic;English;French"|"Algeria;Italy"|https://images-na.ssl-images-amazon.com/images/M/MV5BYzliNzI5NzgtNDZmNy00NGU4LTg2OTQtMDEzZTRiNDU3ZTI1XkEyXkFqcGdeQXVyMDUyOTUyNQ@@._V1_SX300.jpg|tt0058946
197|The Message|1976|177 min|"Adventure;Biography;Drama"|"Moustapha Akkad"|"Anthony Quinn;Irene Papas;Johnny Sekka;Michael Ansara"|"In the 7th century, Mohammed is visited by Angel Gabriel who urges him to lead the people of Mecca and worship God. But they're exiled in Medina before returning to Mecca to take up arms ..."|"Arabic;English"|"Kuwait;Lebanon;Libya;Morocco;UK"|https://images-na.ssl-images-amazon.com/images/M/MV5BMjk3YjJmYTctMTAzZC00MzE4LWFlZGMtNDM5OTMyMDEzZWIxXkEyXkFqcGdeQXVyNTI4MjkwNjA@._V1_SX300.jpg|tt0074896
198|The Help|2011|146 min|"Drama"|"Tate Taylor"|"Bryce Dallas Howard;Emma Stone;Octavia Spencer;Viola Davis"|"An aspiring author during the civil rights movement of the 1960s decides to write a book detailing the African American maids' point of view on the white families for which they work, and the hardships they go through on a daily basis."|"English"|"India;United Arab Emirates;USA"|https://images-na.ssl-images-amazon.com/images/M/MV5BMTM5OTMyMjIxOV5BMl5BanBnXkFtZTcwNzU4MjIwNQ@@._V1_SX300.jpg|tt1454029
199|Pirates of the Caribbean: The Curse of the Black Pearl|2003|143 min|"Action;Adventure;Fantasy"|"Gore Verbinski"|"Geoffrey Rush;Johnny Depp;Keira Knightley;Orlando Bloom"|"Blacksmith Will Turner teams up with eccentric pirate "Captain" Jack Sparrow to save his love, the governor's daughter, from Jack's former pirate allies, who are now undead."|"English"|"USA"|https://images-na.ssl-images-amazon.com/images/M/MV5BMjAyNDM4MTc2N15BMl5BanBnXkFtZTYwNDk0Mjc3._V1_SX300.jpg|tt0325980
200|Beauty and the Beast|1991|84 min|"Animation;Family;Fantasy"|"Gary Trousdale;Kirk Wise"|"Angela Lansbury;Jesse Corti;Rex Everhart;Robby Benson"|"A young woman whose father has been imprisoned by a terrifying beast offers herself in his place, unaware that her captor is actually a prince, physically altered by a magic spell."|"English;French"|"USA"|https://images-na.ssl-images-amazon.com/images/M/MV5BMzE5MDM1NDktY2I0OC00YWI5LTk2NzUtYjczNDczOWQxYjM0XkEyXkFqcGdeQXVyMTQxNzMzNDI@._V1_SX300.jpg|tt0101414
201|What Ever Happened to Baby Jane?|1962|134 min|"Drama;Horror;Thriller"|"Robert Aldrich"|"Bette Davis;Joan Crawford;Victor Buono;Wesley Addy"|"A former child star torments her paraplegic sister in their decaying Hollywood mansion."|"English"|"USA"|https://images-na.ssl-images-amazon.com/images/M/MV5BZmI0M2VmNTgtMWVhYS00Zjg1LTk1YTYtNmJmMjRkZmMwYTc2XkEyXkFqcGdeQXVyNTA4NzY1MzY@._V1_SX300.jpg|tt0056687
202|Strangers on a Train|1951|101 min|"Crime;Film-Noir;Thriller"|"Alfred Hitchcock"|"Farley Granger;Leo G. Carroll;Robert Walker;Ruth Roman"|"A psychotic socialite confronts a pro tennis star with a theory on how two complete strangers can get away with murder - a theory that he plans to implement."|"English;French"|"USA"|https://images-na.ssl-images-amazon.com/images/M/MV5BNzc5N2ZjNWMtNWVkZi00MzYyLTkxNjYtMzc0NjE0MDFjNGQ0XkEyXkFqcGdeQXVyNjc1NTYyMjg@._V1_SX300.jpg|tt0044079